
use AutoRenta_OrtizZully;

INSERT INTO Sucursales (id_sucursal, direccion, ciudad, telefono_fijo, celular, correo_electronico) VALUES
(1, 'Av. Siempre Viva 123', 'Ciudad A', 123456789, 987654321, 'sucursal1@empresa.com'),
(2, 'Calle Falsa 456', 'Ciudad B', 234567890, 876543210, 'sucursal2@empresa.com'),
(3, 'Av. de la Paz 789', 'Ciudad C', 345678901, 765432109, 'sucursal3@empresa.com'),
(4, 'Calle Principal 101', 'Ciudad D', 456789012, 654321098, 'sucursal4@empresa.com'),
(5, 'Paseo del Sol 202', 'Ciudad E', 567890123, 543210987, 'sucursal5@empresa.com'),
(6, 'Boulevard del Norte 303', 'Ciudad F', 678901234, 432109876, 'sucursal6@empresa.com'),
(7, 'Av. Los Andes 404', 'Ciudad G', 789012345, 321098765, 'sucursal7@empresa.com'),
(8, 'Calle Luna 505', 'Ciudad H', 890123456, 210987654, 'sucursal8@empresa.com'),
(9, 'Calle del Mar 606', 'Ciudad I', 901234567, 109876543, 'sucursal9@empresa.com'),
(10, 'Avenida Libertad 707', 'Ciudad J', 112345678, 987654321, 'sucursal10@empresa.com'),
(11, 'Calle Nueva 808', 'Ciudad K', 123412345, 987698765, 'sucursal11@empresa.com'),
(12, 'Av. del Sol 909', 'Ciudad L', 234523456, 876587654, 'sucursal12@empresa.com'),
(13, 'Plaza Mayor 1010', 'Ciudad M', 345634567, 765476543, 'sucursal13@empresa.com'),
(14, 'Calle Secundaria 1111', 'Ciudad N', 456745678, 654365432, 'sucursal14@empresa.com'),
(15, 'Calle del Lago 1212', 'Ciudad O', 567856789, 543254321, 'sucursal15@empresa.com'),
(16, 'Avenida de la Industria 1313', 'Ciudad P', 678967890, 432143210, 'sucursal16@empresa.com'),
(17, 'Paseo Central 1414', 'Ciudad Q', 789078901, 321032109, 'sucursal17@empresa.com'),
(18, 'Calle del Norte 1515', 'Ciudad R', 890189012, 210921098, 'sucursal18@empresa.com'),
(19, 'Av. del Comercio 1616', 'Ciudad S', 901290123, 109810987, 'sucursal19@empresa.com'),
(20, 'Boulevard Sur 1717', 'Ciudad T', 112301234, 987721234, 'sucursal20@empresa.com'),
(21, 'Calle Vista Alegre 1818', 'Ciudad U', 123412345, 876630987, 'sucursal21@empresa.com'),
(22, 'Paseo del Río 1919', 'Ciudad V', 234523456, 765542109, 'sucursal22@empresa.com'),
(23, 'Calle Libertad 2020', 'Ciudad W', 345634567, 654453210, 'sucursal23@empresa.com'),
(24, 'Avenida de los Álamos 2121', 'Ciudad X', 456745678, 543364321, 'sucursal24@empresa.com'),
(25, 'Calle del Parque 2222', 'Ciudad Y', 567856789, 432275432, 'sucursal25@empresa.com'),
(26, 'Boulevard de la Paz 2323', 'Ciudad Z', 678967890, 321186543, 'sucursal26@empresa.com'),
(27, 'Calle 9 de Julio 2424', 'Ciudad AA', 789078901, 210997654, 'sucursal27@empresa.com'),
(28, 'Avenida Central 2525', 'Ciudad AB', 890189012, 109808765, 'sucursal28@empresa.com'),
(29, 'Calle del Mar 2626', 'Ciudad AC', 901290123, 987719876, 'sucursal29@empresa.com'),
(30, 'Paseo de los Lirios 2727', 'Ciudad AD', 112301234, 876630123, 'sucursal30@empresa.com'),
(31, 'Calle Larga 2828', 'Ciudad AE', 123412345, 987698765, 'sucursal31@empresa.com'),
(32, 'Av. del Valle 2929', 'Ciudad AF', 234523456, 876587654, 'sucursal32@empresa.com'),
(33, 'Paseo de los Andes 3030', 'Ciudad AG', 345634567, 765476543, 'sucursal33@empresa.com'),
(34, 'Calle Santa Fe 3131', 'Ciudad AH', 456745678, 654365432, 'sucursal34@empresa.com'),
(35, 'Avenida Constitución 3232', 'Ciudad AI', 567856789, 543254321, 'sucursal35@empresa.com'),
(36, 'Calle del Sol 3333', 'Ciudad AJ', 678967890, 432143210, 'sucursal36@empresa.com'),
(37, 'Paseo del Río 3434', 'Ciudad AK', 789078901, 321032109, 'sucursal37@empresa.com'),
(38, 'Calle Oeste 3535', 'Ciudad AL', 890189012, 210921098, 'sucursal38@empresa.com'),
(39, 'Av. del Mar 3636', 'Ciudad AM', 901290123, 109810987, 'sucursal39@empresa.com'),
(40, 'Calle del Norte 3737', 'Ciudad AN', 112301234, 987721234, 'sucursal40@empresa.com'),
(41, 'Boulevard Los Olivos 3838', 'Ciudad AO', 123412345, 876630987, 'sucursal41@empresa.com'),
(42, 'Calle Victoria 3939', 'Ciudad AP', 234523456, 765542109, 'sucursal42@empresa.com'),
(43, 'Avenida Los Pinos 4040', 'Ciudad AQ', 345634567, 654453210, 'sucursal43@empresa.com'),
(44, 'Calle Libertador 4141', 'Ciudad AR', 456745678, 543364321, 'sucursal44@empresa.com'),
(45, 'Paseo de la Victoria 4242', 'Ciudad AS', 567856789, 432275432, 'sucursal45@empresa.com'),
(46, 'Av. San Martín 4343', 'Ciudad AT', 678967890, 321186543, 'sucursal46@empresa.com'),
(47, 'Calle Belgrano 4444', 'Ciudad AU', 789078901, 210997654, 'sucursal47@empresa.com'),
(48, 'Avenida del Este 4545', 'Ciudad AV', 890189012, 109808765, 'sucursal48@empresa.com'),
(49, 'Calle Los Laureles 4646', 'Ciudad AW', 901290123, 987719876, 'sucursal49@empresa.com'),
(50, 'Paseo del Sol 4747', 'Ciudad AX', 112301234, 876630123, 'sucursal50@empresa.com'),
(51, 'Av. de la Cultura 4848', 'Ciudad AY', 123412345, 987698765, 'sucursal51@empresa.com'),
(52, 'Calle San José 4949', 'Ciudad AZ', 234523456, 876587654, 'sucursal52@empresa.com'),
(53, 'Boulevard Santa Cruz 5050', 'Ciudad BA', 345634567, 765476543, 'sucursal53@empresa.com'),
(54, 'Paseo Central 5151', 'Ciudad BB', 456745678, 654365432, 'sucursal54@empresa.com'),
(55, 'Calle del Río 5252', 'Ciudad BC', 567856789, 543254321, 'sucursal55@empresa.com'),
(56, 'Av. del Sur 5353', 'Ciudad BD', 678967890, 432143210, 'sucursal56@empresa.com'),
(57, 'Calle Rivadavia 5454', 'Ciudad BE', 789078901, 321032109, 'sucursal57@empresa.com'),
(58, 'Calle Madero 5555', 'Ciudad BF', 890189012, 210921098, 'sucursal58@empresa.com'),
(59, 'Paseo de los Árboles 5656', 'Ciudad BG', 901290123, 109810987, 'sucursal59@empresa.com'),
(60, 'Calle Alta 5757', 'Ciudad BH', 112301234, 987721234, 'sucursal60@empresa.com'),
(61, 'Calle de los Lirios 5858', 'Ciudad BI', 123412345, 987698765, 'sucursal61@empresa.com'),
(62, 'Avenida La Estrella 5959', 'Ciudad BJ', 234523456, 876587654, 'sucursal62@empresa.com'),
(63, 'Calle Los Olivos 6060', 'Ciudad BK', 345634567, 765476543, 'sucursal63@empresa.com'),
(64, 'Paseo del Valle 6161', 'Ciudad BL', 456745678, 654365432, 'sucursal64@empresa.com'),
(65, 'Calle de los Pinos 6262', 'Ciudad BM', 567856789, 543254321, 'sucursal65@empresa.com'),
(66, 'Boulevard del Sol 6363', 'Ciudad BN', 678967890, 432143210, 'sucursal66@empresa.com'),
(67, 'Av. Constitución 6464', 'Ciudad BO', 789078901, 321032109, 'sucursal67@empresa.com'),
(68, 'Calle de la Luna 6565', 'Ciudad BP', 890189012, 210921098, 'sucursal68@empresa.com'),
(69, 'Paseo de la Paz 6666', 'Ciudad BQ', 901290123, 109810987, 'sucursal69@empresa.com'),
(70, 'Calle Nueva 6767', 'Ciudad BR', 112301234, 987721234, 'sucursal70@empresa.com'),
(71, 'Av. Los Árboles 6868', 'Ciudad BS', 123412345, 876630987, 'sucursal71@empresa.com'),
(72, 'Calle Río Claro 6969', 'Ciudad BT', 234523456, 765542109, 'sucursal72@empresa.com'),
(73, 'Paseo del Lago 7070', 'Ciudad BU', 345634567, 654453210, 'sucursal73@empresa.com'),
(74, 'Boulevard del Río 7171', 'Ciudad BV', 456745678, 543364321, 'sucursal74@empresa.com'),
(75, 'Calle Libertad 7272', 'Ciudad BW', 567856789, 432275432, 'sucursal75@empresa.com'),
(76, 'Av. de la Industria 7373', 'Ciudad BX', 678967890, 321186543, 'sucursal76@empresa.com'),
(77, 'Calle Alta 7474', 'Ciudad BY', 789078901, 210997654, 'sucursal77@empresa.com'),
(78, 'Paseo Central 7575', 'Ciudad BZ', 890189012, 109808765, 'sucursal78@empresa.com'),
(79, 'Avenida del Sol 7676', 'Ciudad CA', 901290123, 987719876, 'sucursal79@empresa.com'),
(80, 'Calle del Sol 7777', 'Ciudad CB', 112301234, 876630123, 'sucursal80@empresa.com'),
(81, 'Calle de la Esperanza 7878', 'Ciudad CC', 123412345, 987698765, 'sucursal81@empresa.com'),
(82, 'Boulevard Los Pinos 7979', 'Ciudad CD', 234523456, 876587654, 'sucursal82@empresa.com'),
(83, 'Paseo del Parque 8080', 'Ciudad CE', 345634567, 765476543, 'sucursal83@empresa.com'),
(84, 'Calle del Norte 8181', 'Ciudad CF', 456745678, 654365432, 'sucursal84@empresa.com'),
(85, 'Av. del Comercio 8282', 'Ciudad CG', 567856789, 543254321, 'sucursal85@empresa.com'),
(86, 'Calle Libertador 8383', 'Ciudad CH', 678967890, 432143210, 'sucursal86@empresa.com'),
(87, 'Paseo de la Victoria 8484', 'Ciudad CI', 789078901, 321032109, 'sucursal87@empresa.com'),
(88, 'Calle Los Laureles 8585', 'Ciudad CJ', 890189012, 210921098, 'sucursal88@empresa.com'),
(89, 'Av. Los Ángeles 8686', 'Ciudad CK', 901290123, 109810987, 'sucursal89@empresa.com'),
(90, 'Calle Mayor 8787', 'Ciudad CL', 112301234, 987721234, 'sucursal90@empresa.com'),
(91, 'Paseo del Valle 8888', 'Ciudad CM', 123412345, 876630987, 'sucursal91@empresa.com'),
(92, 'Calle Nueva Era 8989', 'Ciudad CN', 234523456, 765542109, 'sucursal92@empresa.com'),
(93, 'Boulevard de la Paz 9090', 'Ciudad CO', 345634567, 654453210, 'sucursal93@empresa.com'),
(94, 'Calle de la Luna 9191', 'Ciudad CP', 456745678, 543364321, 'sucursal94@empresa.com'),
(95, 'Av. Los Andes 9292', 'Ciudad CQ', 567856789, 432275432, 'sucursal95@empresa.com'),
(96, 'Paseo Central 9393', 'Ciudad CR', 678967890, 321186543, 'sucursal96@empresa.com'),
(97, 'Calle Alta 9494', 'Ciudad CS', 789078901, 210997654, 'sucursal97@empresa.com'),
(98, 'Av. de la Cultura 9595', 'Ciudad CT', 890189012, 109808765, 'sucursal98@empresa.com'),
(99, 'Calle Los Pinos 9696', 'Ciudad CU', 901290123, 987719876, 'sucursal99@empresa.com'),
(100, 'Calle Final 9999', 'Ciudad Z', 999999999, 123123123, 'sucursal100@empresa.com');

INSERT INTO Empleados (id_empleado, cedula, nombre1, nombre2, apellido1, apellido2, direccion, ciudad, celular, correo_electronico, id_sucursal) VALUES
(1, 1023456789, 'Juan', 'Carlos', 'Pérez', 'Gómez', 'Calle Libertad 123', 'Ciudad A', 987654321, 'juan.perez@empresa.com', 1),
(2, 2034567890, 'Ana', 'María', 'López', 'Rodríguez', 'Av. Siempre Viva 456', 'Ciudad B', 876543210, 'ana.lopez@empresa.com', 2),
(3, 3045678901, 'Carlos', 'Eduardo', 'Martínez', 'Sánchez', 'Calle Principal 789', 'Ciudad C', 765432109, 'carlos.martinez@empresa.com', 3),
(4, 4056789012, 'Lucía', 'Fernanda', 'González', 'Torres', 'Calle del Sol 101', 'Ciudad D', 654321098, 'lucia.gonzalez@empresa.com', 4),
(5, 5067890123, 'José', 'Luis', 'Hernández', 'Vega', 'Calle Falsa 202', 'Ciudad E', 543210987, 'jose.hernandez@empresa.com', 5),
(6, 6078901234, 'Marta', 'Elena', 'Ramírez', 'García', 'Paseo del Sol 303', 'Ciudad F', 432109876, 'marta.ramirez@empresa.com', 6),
(7, 7089012345, 'Raúl', 'Antonio', 'Díaz', 'Mendoza', 'Boulevard Sur 404', 'Ciudad G', 321098765, 'raul.diaz@empresa.com', 7),
(8, 8090123456, 'Sofía', 'Isabel', 'Jiménez', 'López', 'Av. Los Andes 505', 'Ciudad H', 210987654, 'sofia.jimenez@empresa.com', 8),
(9, 9101234567, 'David', 'Alejandro', 'Córdoba', 'Serrano', 'Calle Luna 606', 'Ciudad I', 109876543, 'david.cordoba@empresa.com', 9),
(10, 1112345678, 'Patricia', 'Ángela', 'Castro', 'Ruiz', 'Avenida Libertad 707', 'Ciudad J', 987654321, 'patricia.castro@empresa.com', 10),
(11, 2123456789, 'Fernando', 'José', 'Vásquez', 'Paredes', 'Calle Nueva 808', 'Ciudad K', 876543210, 'fernando.vasquez@empresa.com', 11),
(12, 3134567890, 'Raquel', 'María', 'Rojas', 'Hernández', 'Av. del Sol 909', 'Ciudad L', 765432109, 'raquel.rojas@empresa.com', 12),
(13, 4145678901, 'Pedro', 'Pablo', 'Fernández', 'Álvarez', 'Plaza Mayor 1010', 'Ciudad M', 654321098, 'pedro.fernandez@empresa.com', 13),
(14, 5156789012, 'Claudia', 'Patricia', 'Morales', 'González', 'Calle Secundaria 1111', 'Ciudad N', 543210987, 'claudia.morales@empresa.com', 14),
(15, 6167890123, 'Antonio', 'Carlos', 'Vega', 'Muñoz', 'Calle del Lago 1212', 'Ciudad O', 432109876, 'antonio.vega@empresa.com', 15),
(16, 7178901234, 'Beatriz', 'Elena', 'Lozano', 'Gómez', 'Avenida de la Industria 1313', 'Ciudad P', 321098765, 'beatriz.lozano@empresa.com', 16),
(17, 8189012345, 'Gabriel', 'David', 'Gutiérrez', 'Pérez', 'Paseo Central 1414', 'Ciudad Q', 210987654, 'gabriel.gutierrez@empresa.com', 17),
(18, 9190123456, 'Lorena', 'Sofía', 'Hernández', 'Salazar', 'Calle del Norte 1515', 'Ciudad R', 109876543, 'lorena.hernandez@empresa.com', 18),
(19, 1201234567, 'Javier', 'Luis', 'Sánchez', 'Ramírez', 'Av. del Comercio 1616', 'Ciudad S', 987654321, 'javier.sanchez@empresa.com', 19),
(20, 2212345678, 'María', 'Cristina', 'López', 'Martínez', 'Boulevard Sur 1717', 'Ciudad T', 876543210, 'maria.lopez@empresa.com', 20),
(21, 3223456789, 'Miguel', 'Ángel', 'Álvarez', 'Vargas', 'Calle Vista Alegre 1818', 'Ciudad U', 765432109, 'miguel.alvarez@empresa.com', 21),
(22, 4234567890, 'Susana', 'Rocío', 'Fernández', 'Morales', 'Paseo del Río 1919', 'Ciudad V', 654321098, 'susana.fernandez@empresa.com', 22),
(23, 5245678901, 'Martín', 'Eduardo', 'González', 'Jiménez', 'Calle Libertad 2020', 'Ciudad W', 543210987, 'martin.gonzalez@empresa.com', 23),
(24, 6256789012, 'Julia', 'Isabel', 'Mendoza', 'Pérez', 'Avenida de los Álamos 2121', 'Ciudad X', 432109876, 'julia.mendoza@empresa.com', 24),
(25, 7267890123, 'Roberto', 'Félix', 'Cruz', 'Serrano', 'Calle del Parque 2222', 'Ciudad Y', 321098765, 'roberto.cruz@empresa.com', 25),
(26, 8278901234, 'Lina', 'Mariana', 'Salazar', 'López', 'Boulevard de la Paz 2323', 'Ciudad Z', 210987654, 'lina.salazar@empresa.com', 26),
(27, 9289012345, 'Alberto', 'José', 'Romero', 'Gómez', 'Calle 9 de Julio 2424', 'Ciudad AA', 109876543, 'alberto.romero@empresa.com', 27),
(28, 1030123456, 'Eugenia', 'María', 'Paredes', 'Hernández', 'Avenida Central 2525', 'Ciudad AB', 987654321, 'eugenia.paredes@empresa.com', 28),
(29, 1131234567, 'Ricardo', 'Antonio', 'Díaz', 'Martínez', 'Calle del Mar 2626', 'Ciudad AC', 876543210, 'ricardo.diaz@empresa.com', 29),
(30, 1232345678, 'Sandra', 'Elisa', 'Vásquez', 'Ruiz', 'Paseo de los Lirios 2727', 'Ciudad AD', 765432109, 'sandra.vasquez@empresa.com', 30),
(31, 1333456789, 'José', 'Manuel', 'Rodríguez', 'Torres', 'Av. de la Cultura 4848', 'Ciudad AY', 654321098, 'jose.rodriguez@empresa.com', 31),
(32, 1434567890, 'Verónica', 'Beatriz', 'Márquez', 'Lozano', 'Calle San José 4949', 'Ciudad AZ', 543210987, 'veronica.marquez@empresa.com', 32),
(33, 1535678901, 'Joaquín', 'Luis', 'Fernández', 'Morales', 'Boulevard Santa Cruz 5050', 'Ciudad BA', 432109876, 'joaquin.fernandez@empresa.com', 33),
(34, 1636789012, 'Lidia', 'Natalia', 'Rojas', 'Martínez', 'Paseo Central 5151', 'Ciudad BB', 321098765, 'lidia.rojas@empresa.com', 34),
(35, 1737890123, 'Carlos', 'Eduardo', 'Ramírez', 'López', 'Calle del Río 5252', 'Ciudad BC', 210987654, 'carlos.ramirez@empresa.com', 35),
(36, 1838901234, 'Patricia', 'Carmen', 'Gómez', 'Rodríguez', 'Av. del Sur 5353', 'Ciudad BD', 109876543, 'patricia.gomez@empresa.com', 36),
(37, 1939012345, 'Alfonso', 'Alejandro', 'Gutiérrez', 'Vega', 'Calle Rivadavia 5454', 'Ciudad BE', 987654321, 'alfonso.gutierrez@empresa.com', 37),
(38, 2040123456, 'Victoria', 'Alba', 'Jiménez', 'Serrano', 'Calle Madero 5555', 'Ciudad BF', 876543210, 'victoria.jimenez@empresa.com', 38),
(39, 2141234567, 'Esteban', 'Raúl', 'Hernández', 'López', 'Paseo de los Árboles 5656', 'Ciudad BG', 765432109, 'esteban.hernandez@empresa.com', 39),
(40, 2242345678, 'Olga', 'Rocío', 'Vásquez', 'Martínez', 'Calle Alta 5757', 'Ciudad BH', 654321098, 'olga.vasquez@empresa.com', 40),
(41, 2343456789, 'Salvador', 'Antonio', 'Álvarez', 'Vega', 'Av. de la Cultura 4848', 'Ciudad AY', 543210987, 'salvador.alvarez@empresa.com', 41),
(42, 2444567890, 'María', 'Dolores', 'Castillo', 'López', 'Calle San José 4949', 'Ciudad AZ', 432109876, 'maria.castillo@empresa.com', 42),
(43, 2545678901, 'Julián', 'Esteban', 'Sánchez', 'Serrano', 'Boulevard Santa Cruz 5050', 'Ciudad BA', 321098765, 'julian.sanchez@empresa.com', 43),
(44, 2646789012, 'Elena', 'Verónica', 'Ramírez', 'Vega', 'Paseo Central 5151', 'Ciudad BB', 210987654, 'elena.ramirez@empresa.com', 44),
(45, 2747890123, 'Pedro', 'José', 'Méndez', 'Gómez', 'Calle del Río 5252', 'Ciudad BC', 109876543, 'pedro.mendez@empresa.com', 45),
(46, 2848901234, 'Lorena', 'Cristina', 'Díaz', 'Mendoza', 'Av. del Sur 5353', 'Ciudad BD', 987654321, 'lorena.diaz@empresa.com', 46),
(47, 2949012345, 'José', 'Antonio', 'Hernández', 'Ríos', 'Calle Rivadavia 5454', 'Ciudad BE', 876543210, 'jose.hernandez@empresa.com', 47),
(48, 3050123456, 'Marina', 'González', 'Paredes', 'Torres', 'Calle Madero 5555', 'Ciudad BF', 765432109, 'marina.gonzalez@empresa.com', 48),
(49, 3151234567, 'Adriana', 'Margarita', 'Cruz', 'López', 'Paseo de los Árboles 5656', 'Ciudad BG', 654321098, 'adriana.cruz@empresa.com', 49),
(50, 3252345678, 'Óscar', 'Ricardo', 'Jiménez', 'Vega', 'Calle Alta 5757', 'Ciudad BH', 543210987, 'oscar.jimenez@empresa.com', 50),
(51, 3353456789, 'Ricardo', 'Juan', 'Hernández', 'Lozano', 'Calle Larga 5858', 'Ciudad BI', 432109876, 'ricardo.hernandez@empresa.com', 51),
(52, 3454567890, 'Lourdes', 'Amelia', 'Serrano', 'Ramírez', 'Av. La Estrella 5959', 'Ciudad BJ', 321098765, 'lourdes.serrano@empresa.com', 52),
(53, 3555678901, 'Santiago', 'Luis', 'Gutiérrez', 'Sánchez', 'Calle Los Olivos 6060', 'Ciudad BK', 210987654, 'santiago.gutierrez@empresa.com', 53),
(54, 3656789012, 'José', 'Luis', 'Martínez', 'Díaz', 'Paseo del Valle 6161', 'Ciudad BL', 109876543, 'jose.martinez@empresa.com', 54),
(55, 3757890123, 'Cristina', 'Mercedes', 'Romero', 'López', 'Calle de los Pinos 6262', 'Ciudad BM', 987654321, 'cristina.romero@empresa.com', 55),
(56, 3858901234, 'Héctor', 'Antonio', 'Morales', 'Ramírez', 'Boulevard del Sol 6363', 'Ciudad BN', 876543210, 'hector.morales@empresa.com', 56),
(57, 3959012345, 'Raquel', 'Beatriz', 'Sánchez', 'Torres', 'Av. Constitución 6464', 'Ciudad BO', 765432109, 'raquel.sanchez@empresa.com', 57),
(58, 4060123456, 'Felipe', 'Eduardo', 'Pérez', 'Lozano', 'Calle de la Luna 6565', 'Ciudad BP', 654321098, 'felipe.perez@empresa.com', 58),
(59, 4161234567, 'Manuela', 'Elena', 'González', 'Hernández', 'Paseo de la Paz 6666', 'Ciudad BQ', 543210987, 'manuela.gonzalez@empresa.com', 59),
(60, 4262345678, 'Alejandro', 'Antonio', 'Vásquez', 'Salazar', 'Calle Nueva 6767', 'Ciudad BR', 432109876, 'alejandro.vasquez@empresa.com', 60),
(61, 4363456789, 'Virginia', 'Ángeles', 'Serrano', 'Paredes', 'Av. Los Árboles 6868', 'Ciudad BS', 321098765, 'virginia.serrano@empresa.com', 61),
(62, 4464567890, 'Carlos', 'Antonio', 'Córdoba', 'Mendoza', 'Calle Río Claro 6969', 'Ciudad BT', 210987654, 'carlos.cordoba@empresa.com', 62),
(63, 4565678901, 'Susana', 'María', 'Martínez', 'Álvarez', 'Paseo del Lago 7070', 'Ciudad BU', 109876543, 'susana.martinez@empresa.com', 63),
(64, 4666789012, 'José', 'Carlos', 'Mendoza', 'Ramírez', 'Calle del Norte 7171', 'Ciudad BV', 987654321, 'jose.mendoza@empresa.com', 64),
(65, 4767890123, 'Pilar', 'Sofía', 'González', 'Lozano', 'Calle Victoria 7272', 'Ciudad BW', 876543210, 'pilar.gonzalez@empresa.com', 65),
(66, 4868901234, 'David', 'Carlos', 'Vega', 'Torres', 'Paseo del Río 7373', 'Ciudad BX', 765432109, 'david.vega@empresa.com', 66),
(67, 4969012345, 'Nora', 'Cristina', 'Romero', 'Paredes', 'Avenida del Valle 7474', 'Ciudad BY', 654321098, 'nora.romero@empresa.com', 67),
(68, 5070123456, 'Javier', 'Rafael', 'López', 'Mendoza', 'Calle Los Laureles 7575', 'Ciudad BZ', 543210987, 'javier.lopez@empresa.com', 68),
(69, 5171234567, 'Verónica', 'Carmen', 'Martínez', 'Gómez', 'Paseo Central 7676', 'Ciudad CA', 432109876, 'veronica.martinez@empresa.com', 69),
(70, 5272345678, 'Ignacio', 'José', 'Díaz', 'Salazar', 'Calle de la Esperanza 7878', 'Ciudad CB', 321098765, 'ignacio.diaz@empresa.com', 70),
(71, 5373456789, 'Ricardo', 'Antonio', 'Márquez', 'Ríos', 'Boulevard Los Pinos 7979', 'Ciudad CC', 210987654, 'ricardo.marquez@empresa.com', 71),
(72, 5474567890, 'Adriana', 'Beatriz', 'Gómez', 'Serrano', 'Paseo del Parque 8080', 'Ciudad CD', 109876543, 'adriana.gomez@empresa.com', 72),
(73, 5575678901, 'Luis', 'Carlos', 'González', 'Paredes', 'Calle del Norte 8181', 'Ciudad CE', 987654321, 'luis.gonzalez@empresa.com', 73),
(74, 5676789012, 'Fernando', 'Antonio', 'Vega', 'Torres', 'Calle Mayor 8282', 'Ciudad CF', 876543210, 'fernando.vega@empresa.com', 74),
(75, 5777890123, 'Carolina', 'Mónica', 'Hernández', 'Pérez', 'Calle del Sol 8383', 'Ciudad CG', 765432109, 'carolina.hernandez@empresa.com', 75),
(76, 5878901234, 'Ricardo', 'Francisco', 'Sánchez', 'Vega', 'Av. de la Luz 8484', 'Ciudad CH', 654321098, 'ricardo.sanchez@empresa.com', 76),
(77, 5979012345, 'Cecilia', 'Elena', 'Martínez', 'Serrano', 'Calle Pradera 8585', 'Ciudad CI', 543210987, 'cecilia.martinez@empresa.com', 77),
(78, 6080123456, 'Jorge', 'Luis', 'Díaz', 'Ramírez', 'Paseo de la Milla 8686', 'Ciudad CJ', 432109876, 'jorge.diaz@empresa.com', 78),
(79, 6181234567, 'Marina', 'Sofía', 'Vega', 'Torres', 'Calle del Río 8787', 'Ciudad CK', 321098765, 'marina.vega@empresa.com', 79),
(80, 6282345678, 'Patricia', 'Alicia', 'González', 'Mendoza', 'Avenida Libertad 8888', 'Ciudad CL', 210987654, 'patricia.gonzalez@empresa.com', 80),
(81, 6383456789, 'Eduardo', 'Manuel', 'Pérez', 'López', 'Calle Libertad 8989', 'Ciudad CM', 109876543, 'eduardo.perez@empresa.com', 81),
(82, 6484567890, 'Silvia', 'Rocío', 'Martínez', 'Vega', 'Paseo Sol 9090', 'Ciudad CN', 987654321, 'silvia.martinez@empresa.com', 82),
(83, 6585678901, 'Antonio', 'Eduardo', 'Salazar', 'Torres', 'Calle Zaragoza 9191', 'Ciudad CO', 876543210, 'antonio.salazar@empresa.com', 83),
(84, 6686789012, 'Liliana', 'Victoria', 'Sánchez', 'Vega', 'Av. San Juan 9292', 'Ciudad CP', 765432109, 'liliana.sanchez@empresa.com', 84),
(85, 6787890123, 'Jesús', 'Antonio', 'Romero', 'Lozano', 'Paseo Colonial 9393', 'Ciudad CQ', 654321098, 'jesus.romero@empresa.com', 85),
(86, 6888901234, 'Ricardo', 'Félix', 'Vega', 'Ramírez', 'Calle Alamos 9494', 'Ciudad CR', 543210987, 'ricardo.vega@empresa.com', 86),
(87, 6989012345, 'María', 'José', 'Hernández', 'Martínez', 'Av. Oriente 9595', 'Ciudad CS', 432109876, 'maria.hernandez@empresa.com', 87),
(88, 7090123456, 'José', 'Ramón', 'Serrano', 'Mendoza', 'Paseo Verde 9696', 'Ciudad CT', 321098765, 'jose.serrano@empresa.com', 88),
(89, 7191234567, 'Fabiola', 'Mariana', 'López', 'Gómez', 'Calle del Parque 9797', 'Ciudad CU', 210987654, 'fabiola.lopez@empresa.com', 89),
(90, 7292345678, 'Luis', 'Héctor', 'Ramírez', 'Gómez', 'Av. Constitución 9898', 'Ciudad CV', 109876543, 'luis.ramirez@empresa.com', 90),
(91, 7393456789, 'Ester', 'Cristina', 'González', 'Serrano', 'Calle La Paz 9999', 'Ciudad CW', 987654321, 'ester.gonzalez@empresa.com', 91),
(92, 7494567890, 'Gustavo', 'Antonio', 'Sánchez', 'Martínez', 'Paseo Central 10000', 'Ciudad CX', 876543210, 'gustavo.sanchez@empresa.com', 92),
(93, 7595678901, 'Sandra', 'Elisa', 'Serrano', 'Vega', 'Calle La Loma 10101', 'Ciudad CY', 765432109, 'sandra.serrano@empresa.com', 93),
(94, 7696789012, 'Claudia', 'María', 'López', 'Ramírez', 'Paseo del Lago 10202', 'Ciudad CZ', 654321098, 'claudia.lopez@empresa.com', 94),
(95, 7797890123, 'Álvaro', 'Eduardo', 'Morales', 'Vega', 'Calle de los Álamos 10303', 'Ciudad DA', 543210987, 'alvaro.morales@empresa.com', 95),
(96, 7898901234, 'Carlos', 'Manuel', 'Romero', 'Salazar', 'Av. del Sol 10404', 'Ciudad DB', 432109876, 'carlos.romero@empresa.com', 96),
(97, 7999012345, 'Patricia', 'Ángeles', 'Gutiérrez', 'Vega', 'Paseo de la Estrella 10505', 'Ciudad DC', 321098765, 'patricia.gutierrez@empresa.com', 97),
(98, 8100123456, 'Antonio', 'José', 'Díaz', 'Méndez', 'Calle Vía 10606', 'Ciudad DD', 210987654, 'antonio.diaz@empresa.com', 98),
(99, 8201234567, 'Mónica', 'Pilar', 'López', 'Fernández', 'Calle Mayor 10707', 'Ciudad DE', 109876543, 'monica.lopez@empresa.com', 99),
(100, 8302345678, 'Javier', 'Felipe', 'Hernández', 'Gómez', 'Av. del Centro 10808', 'Ciudad DF', 987654321, 'javier.hernandez@empresa.com', 100);

INSERT INTO Clientes (id_cliente, cedula, nombre1, nombre2, apellido1, apellido2, celular, correo_electronico) VALUES
(1, '1234567890', 'Juan', 'Carlos', 'Pérez', 'Rodríguez', 987654321, 'juan.perez@cliente.com'),
(2, '2345678901', 'Ana', 'María', 'González', 'Sánchez', 876543210, 'ana.gonzalez@cliente.com'),
(3, '3456789012', 'Luis', 'Fernando', 'Martínez', 'López', 765432109, 'luis.martinez@cliente.com'),
(4, '4567890123', 'María', 'José', 'López', 'Gutiérrez', 654321098, 'maria.lopez@cliente.com'),
(5, '5678901234', 'Carlos', 'Alberto', 'Fernández', 'Pérez', 543210987, 'carlos.fernandez@cliente.com'),
(6, '6789012345', 'Patricia', 'Isabel', 'Hernández', 'Rodríguez', 432109876, 'patricia.hernandez@cliente.com'),
(7, '7890123456', 'David', 'Javier', 'Gómez', 'Sánchez', 321098765, 'david.gomez@cliente.com'),
(8, '8901234567', 'Carmen', 'Lucía', 'Romero', 'Vega', 210987654, 'carmen.romero@cliente.com'),
(9, '9012345678', 'José', 'Antonio', 'Jiménez', 'Molina', 109876543, 'jose.jimenez@cliente.com'),
(10, '1123456789', 'Eva', 'María', 'Serrano', 'Martínez', 987654321, 'eva.serrano@cliente.com'),
(11, '1234567891', 'Alberto', 'Ricardo', 'Ruiz', 'Gómez', 876543210, 'alberto.ruiz@cliente.com'),
(12, '2345678902', 'Sonia', 'Marina', 'Sánchez', 'Torres', 765432109, 'sonia.sanchez@cliente.com'),
(13, '3456789013', 'Raúl', 'Esteban', 'Pérez', 'Romero', 654321098, 'raul.perez@cliente.com'),
(14, '4567890124', 'Alicia', 'Beatriz', 'Sánchez', 'Díaz', 543210987, 'alicia.sanchez@cliente.com'),
(15, '5678901235', 'Óscar', 'Manuel', 'González', 'Vega', 432109876, 'oscar.gonzalez@cliente.com'),
(16, '6789012346', 'Lucía', 'Cristina', 'Martínez', 'Fernández', 321098765, 'lucia.martinez@cliente.com'),
(17, '7890123457', 'Ricardo', 'José', 'Romero', 'Hernández', 210987654, 'ricardo.romero@cliente.com'),
(18, '8901234568', 'Mercedes', 'Ana', 'Gutiérrez', 'Serrano', 109876543, 'mercedes.gutierrez@cliente.com'),
(19, '9012345679', 'Mario', 'Alejandro', 'Lopez', 'González', 987654321, 'mario.lopez@cliente.com'),
(20, '1123456790', 'Laura', 'Victoria', 'Vega', 'Jiménez', 876543210, 'laura.vega@cliente.com'),
(21, '1234567901', 'Carlos', 'Eduardo', 'Jiménez', 'Romero', 765432109, 'carlos.jimenez@cliente.com'),
(22, '2345678912', 'Marta', 'Isabel', 'González', 'Sánchez', 654321098, 'marta.gonzalez@cliente.com'),
(23, '3456789023', 'Esteban', 'Luis', 'Pérez', 'Martínez', 543210987, 'esteban.perez@cliente.com'),
(24, '4567890134', 'Silvia', 'Rocío', 'Hernández', 'Torres', 432109876, 'silvia.hernandez@cliente.com'),
(25, '5678901245', 'Fernando', 'Javier', 'Ramírez', 'Paredes', 321098765, 'fernando.ramirez@cliente.com'),
(26, '6789012356', 'María', 'Del Carmen', 'Gómez', 'Martínez', 210987654, 'maria.gomez@cliente.com'),
(27, '7890123467', 'Antonio', 'Carlos', 'Serrano', 'Torres', 109876543, 'antonio.serrano@cliente.com'),
(28, '8901234578', 'Cristina', 'Victoria', 'López', 'Sánchez', 987654321, 'cristina.lopez@cliente.com'),
(29, '9012345689', 'Javier', 'Ricardo', 'Díaz', 'González', 876543210, 'javier.diaz@cliente.com'),
(30, '1123456800', 'Eva', 'Lucía', 'Hernández', 'Vega', 765432109, 'eva.hernandez@cliente.com'),
(31, '1234567911', 'Jaime', 'Eduardo', 'Ramírez', 'Serrano', 654321098, 'jaime.ramirez@cliente.com'),
(32, '2345678922', 'Natalia', 'Beatriz', 'Sánchez', 'Torres', 543210987, 'natalia.sanchez@cliente.com'),
(33, '3456789033', 'Rosa', 'María', 'González', 'Romero', 432109876, 'rosa.gonzalez@cliente.com'),
(34, '4567890144', 'Juan', 'Manuel', 'Vega', 'González', 321098765, 'juan.vega@cliente.com'),
(35, '5678901255', 'Pedro', 'José', 'Gutiérrez', 'Molina', 210987654, 'pedro.gutierrez@cliente.com'),
(36, '6789012366', 'Alba', 'Cristina', 'Pérez', 'Martínez', 109876543, 'alba.perez@cliente.com'),
(37, '7890123477', 'Mónica', 'Elena', 'González', 'Vega', 987654321, 'monica.gonzalez@cliente.com'),
(38, '8901234588', 'José', 'Luis', 'Romero', 'Hernández', 876543210, 'jose.romero@cliente.com'),
(39, '9012345699', 'Antonio', 'Manuel', 'Vega', 'Serrano', 765432109, 'antonio.vega@cliente.com'),
(40, '1123456910', 'Rocío', 'Elena', 'López', 'Romero', 654321098, 'rocio.lopez@cliente.com'),
(41, '1234567921', 'Alfredo', 'José', 'Gutiérrez', 'Torres', 543210987, 'alfredo.gutierrez@cliente.com'),
(42, '2345678932', 'Beatriz', 'Patricia', 'Jiménez', 'González', 432109876, 'beatriz.jimenez@cliente.com'),
(43, '3456789043', 'Carlos', 'Antonio', 'Pérez', 'Hernández', 321098765, 'carlos.perez@cliente.com'),
(44, '4567890154', 'Antonio', 'Alfredo', 'Ramírez', 'Lozano', 210987654, 'antonio.ramirez@cliente.com'),
(45, '5678901265', 'Sofía', 'Marina', 'Serrano', 'Vega', 109876543, 'sofia.serrano@cliente.com'),
(46, '6789012376', 'Jesús', 'Carlos', 'López', 'Romero', 987654321, 'jesus.lopez@cliente.com'),
(47, '7890123487', 'Santiago', 'David', 'Torres', 'Méndez', 876543210, 'santiago.torres@cliente.com'),
(48, '8901234598', 'Laura', 'María', 'Vega', 'Sánchez', 765432109, 'laura.vega@cliente.com'),
(49, '9012345709', 'Ricardo', 'José', 'González', 'Vega', 654321098, 'ricardo.gonzalez@cliente.com'),
(50, '1123456930', 'Claudia', 'Adriana', 'Romero', 'Martínez', 543210987, 'claudia.romero@cliente.com'),
(51, '1234567941', 'Juan', 'Carlos', 'Sánchez', 'Martínez', 432109876, 'juan.sanchez@cliente.com'),
(52, '2345678952', 'Marina', 'Elena', 'Mendoza', 'Ramírez', 321098765, 'marina.mendoza@cliente.com'),
(53, '3456789063', 'Ricardo', 'Antonio', 'Torres', 'Molina', 210987654, 'ricardo.torres@cliente.com'),
(54, '4567890174', 'Patricia', 'Rocío', 'López', 'González', 109876543, 'patricia.lopez@cliente.com'),
(55, '5678901275', 'Alba', 'Esther', 'Pérez', 'Serrano', 987654321, 'alba.perez@cliente.com'),
(56, '6789012386', 'Luis', 'Martín', 'González', 'Jiménez', 876543210, 'luis.gonzalez@cliente.com'),
(57, '7890123497', 'José', 'Manuel', 'Ramírez', 'Vega', 765432109, 'jose.ramirez@cliente.com'),
(58, '8901234608', 'Alicia', 'Marina', 'Sánchez', 'González', 654321098, 'alicia.sanchez@cliente.com'),
(59, '9012345719', 'Javier', 'Juan', 'Romero', 'Serrano', 543210987, 'javier.romero@cliente.com'),
(60, '1123456940', 'David', 'Carlos', 'Martínez', 'Lozano', 432109876, 'david.martinez@cliente.com'),
(61, '1234567951', 'Silvia', 'Beatriz', 'Vega', 'Romero', 321098765, 'silvia.vega@cliente.com'),
(62, '2345678962', 'Alfredo', 'José', 'Ramírez', 'López', 210987654, 'alfredo.ramirez@cliente.com'),
(63, '3456789073', 'Eva', 'María', 'Pérez', 'Vega', 109876543, 'eva.perez@cliente.com'),
(64, '4567890184', 'Carlos', 'Alberto', 'López', 'Jiménez', 987654321, 'carlos.lopez@cliente.com'),
(65, '5678901285', 'María', 'José', 'Torres', 'Martínez', 876543210, 'maria.torres@cliente.com'),
(66, '6789012396', 'Antonio', 'Ricardo', 'Sánchez', 'Molina', 765432109, 'antonio.sanchez@cliente.com'),
(67, '7890123507', 'Claudia', 'Elena', 'Vega', 'Mendoza', 654321098, 'claudia.vega@cliente.com'),
(68, '8901234618', 'José', 'Luis', 'González', 'Martínez', 543210987, 'jose.gonzalez@cliente.com'),
(69, '9012345730', 'Luis', 'Carlos', 'Serrano', 'Vega', 432109876, 'luis.serrano@cliente.com'),
(70, '1123456951', 'Raúl', 'David', 'Gutiérrez', 'Ramírez', 321098765, 'raul.gutierrez@cliente.com'),
(71, '1234567962', 'María', 'Carmen', 'González', 'Torres', 210987654, 'maria.gonzalez@cliente.com'),
(72, '2345678973', 'José', 'Antonio', 'Sánchez', 'Romero', 109876543, 'jose.sanchez@cliente.com'),
(73, '3456789084', 'Patricia', 'Carmen', 'Martínez', 'Vega', 987654321, 'patricia.martinez@cliente.com'),
(74, '4567890195', 'Santiago', 'José', 'Pérez', 'Serrano', 876543210, 'santiago.perez@cliente.com'),
(75, '5678901296', 'Alba', 'Carmen', 'Gómez', 'González', 765432109, 'alba.gomez@cliente.com'),
(76, '6789012407', 'Claudia', 'Esther', 'Vega', 'López', 654321098, 'claudia.vega@cliente.com'),
(77, '7890123518', 'José', 'Miguel', 'González', 'Molina', 543210987, 'jose.miguel@cliente.com'),
(78, '8901234629', 'Carlos', 'Antonio', 'Torres', 'Vega', 432109876, 'carlos.torres@cliente.com'),
(79, '9012345740', 'Alfredo', 'Luis', 'Sánchez', 'López', 321098765, 'alfredo.sanchez@cliente.com'),
(80, '1123456962', 'Lina', 'María', 'Hernández', 'Ramírez', 210987654, 'lina.hernandez@cliente.com'),
(81, '1234567973', 'Ricardo', 'Luis', 'Romero', 'González', 109876543, 'ricardo.romero@cliente.com'),
(82, '2345678984', 'José', 'Carlos', 'Sánchez', 'Méndez', 987654321, 'jose.sanchez@cliente.com'),
(83, '3456789095', 'Antonio', 'José', 'Torres', 'Serrano', 876543210, 'antonio.torres@cliente.com'),
(84, '4567890206', 'Rocío', 'María', 'Vega', 'Jiménez', 765432109, 'rocio.vega@cliente.com'),
(85, '5678901307', 'Silvia', 'Ana', 'Serrano', 'Torres', 654321098, 'silvia.serrano@cliente.com'),
(86, '6789012418', 'Raúl', 'Carlos', 'Molina', 'González', 543210987, 'raul.molina@cliente.com'),
(87, '7890123529', 'Antonio', 'Ricardo', 'Hernández', 'Romero', 432109876, 'antonio.hernandez@cliente.com'),
(88, '8901234630', 'Carlos', 'Eduardo', 'Sánchez', 'González', 321098765, 'carlos.sanchez@cliente.com'),
(89, '9012345751', 'José', 'Antonio', 'Pérez', 'Méndez', 210987654, 'jose.perez@cliente.com'),
(90, '1123456973', 'Raúl', 'Eduardo', 'Molina', 'Gómez', 109876543, 'raul.molina@cliente.com'),
(91, '1234567984', 'Álvaro', 'Carlos', 'Gutiérrez', 'Romero', 987654321, 'alvaro.gutierrez@cliente.com'),
(92, '2345678995', 'Rocío', 'Carmen', 'González', 'López', 876543210, 'rocio.gonzalez@cliente.com'),
(93, '3456789106', 'Carlos', 'José', 'Molina', 'Romero', 765432109, 'carlos.molina@cliente.com'),
(94, '4567890217', 'José', 'Luis', 'Sánchez', 'Martínez', 654321098, 'jose.sanchez@cliente.com'),
(95, '5678901318', 'Raúl', 'Martín', 'Torres', 'González', 543210987, 'raul.torres@cliente.com'),
(96, '6789012429', 'Santiago', 'Carlos', 'Vega', 'López', 432109876, 'santiago.vega@cliente.com'),
(97, '7890123530', 'Patricia', 'María', 'Hernández', 'Torres', 321098765, 'patricia.hernandez@cliente.com'),
(98, '8901234641', 'Ricardo', 'Luis', 'Vega', 'Molina', 210987654, 'ricardo.vega@cliente.com'),
(99, '9012345762', 'José', 'Antonio', 'González', 'Ramírez', 109876543, 'jose.gonzalez@cliente.com'),
(100, '1123456984', 'Silvia', 'Carolina', 'Martínez', 'Torres', 987654321, 'silvia.martinez@cliente.com');

INSERT INTO Tipo_vehiculo (id_tipoV, valor_alquiler_semana, valor_alquiler_dia, tipo) VALUES
(1, 700, 120, 'Sedán'),
(2, 900, 150, 'SUV'),
(3, 1100, 180, 'Camioneta'),
(4, 500, 80, 'Compacto'),
(5, 600, 100, 'Hatchback'),
(6, 1500, 250, 'Deportivo'),
(7, 1800, 300, 'Convertible'),
(8, 650, 110, 'Minivan'),
(9, 750, 130, '4x4'),
(10, 850, 140, 'Coupé'),
(11, 950, 160, 'Furgón'),
(12, 1200, 200, 'Pick-up'),
(13, 1000, 170, 'Monovolumen'),
(14, 1300, 220, 'Van'),
(15, 700, 120, 'Sedán'),
(16, 800, 130, 'SUV'),
(17, 1100, 180, 'Camioneta'),
(18, 600, 100, 'Compacto'),
(19, 650, 110, 'Hatchback'),
(20, 1400, 230, 'Deportivo'),
(21, 1600, 270, 'Convertible'),
(22, 750, 130, 'Minivan'),
(23, 850, 140, '4x4'),
(24, 950, 160, 'Coupé'),
(25, 1100, 180, 'Furgón'),
(26, 1200, 200, 'Pick-up'),
(27, 1300, 220, 'Monovolumen'),
(28, 1400, 230, 'Van'),
(29, 700, 120, 'Sedán'),
(30, 800, 130, 'SUV'),
(31, 1000, 170, 'Camioneta'),
(32, 600, 100, 'Compacto'),
(33, 650, 110, 'Hatchback'),
(34, 1400, 230, 'Deportivo'),
(35, 1600, 270, 'Convertible'),
(36, 750, 130, 'Minivan'),
(37, 850, 140, '4x4'),
(38, 950, 160, 'Coupé'),
(39, 1100, 180, 'Furgón'),
(40, 1200, 200, 'Pick-up'),
(41, 1300, 220, 'Monovolumen'),
(42, 1400, 230, 'Van'),
(43, 700, 120, 'Sedán'),
(44, 800, 130, 'SUV'),
(45, 1000, 170, 'Camioneta'),
(46, 600, 100, 'Compacto'),
(47, 650, 110, 'Hatchback'),
(48, 1400, 230, 'Deportivo'),
(49, 1600, 270, 'Convertible'),
(50, 750, 130, 'Minivan'),
(51, 850, 140, '4x4'),
(52, 950, 160, 'Coupé'),
(53, 1100, 180, 'Furgón'),
(54, 1200, 200, 'Pick-up'),
(55, 1300, 220, 'Monovolumen'),
(56, 1400, 230, 'Van'),
(57, 700, 120, 'Sedán'),
(58, 800, 130, 'SUV'),
(59, 1000, 170, 'Camioneta'),
(60, 600, 100, 'Compacto'),
(61, 650, 110, 'Hatchback'),
(62, 1400, 230, 'Deportivo'),
(63, 1600, 270, 'Convertible'),
(64, 750, 130, 'Minivan'),
(65, 850, 140, '4x4'),
(66, 950, 160, 'Coupé'),
(67, 1100, 180, 'Furgón'),
(68, 1200, 200, 'Pick-up'),
(69, 1300, 220, 'Monovolumen'),
(70, 1400, 230, 'Van'),
(71, 700, 120, 'Sedán'),
(72, 800, 130, 'SUV'),
(73, 1000, 170, 'Camioneta'),
(74, 600, 100, 'Compacto'),
(75, 650, 110, 'Hatchback'),
(76, 1400, 230, 'Deportivo'),
(77, 1600, 270, 'Convertible'),
(78, 750, 130, 'Minivan'),
(79, 850, 140, '4x4'),
(80, 950, 160, 'Coupé'),
(81, 1100, 180, 'Furgón'),
(82, 1200, 200, 'Pick-up'),
(83, 1300, 220, 'Monovolumen'),
(84, 1400, 230, 'Van'),
(85, 700, 120, 'Sedán'),
(86, 800, 130, 'SUV'),
(87, 1000, 170, 'Camioneta'),
(88, 600, 100, 'Compacto'),
(89, 650, 110, 'Hatchback'),
(90, 1400, 230, 'Deportivo'),
(91, 1600, 270, 'Convertible'),
(92, 750, 130, 'Minivan'),
(93, 850, 140, '4x4'),
(94, 950, 160, 'Coupé'),
(95, 1100, 180, 'Furgón'),
(96, 1200, 200, 'Pick-up'),
(97, 1300, 220, 'Monovolumen'),
(98, 1400, 230, 'Van'),
(99, 700, 120, 'Sedán'),
(100, 800, 130, 'SUV');

INSERT INTO Vehiculos (id_vehiculo, placa, referencia, modelo, puertas, capacidad, sunroof, motor, color, id_tipoV) VALUES
(1, 'ABC123', 1001, 'Toyota Corolla', 4, 5, 'No', '1.8L', 'Blanco', 1),
(2, 'DEF456', 1002, 'Honda Civic', 4, 5, 'Sí', '2.0L', 'Negro', 2),
(3, 'GHI789', 1003, 'Mazda 3', 4, 5, 'No', '1.6L', 'Rojo', 3),
(4, 'JKL012', 1004, 'Ford Focus', 4, 5, 'Sí', '2.0L', 'Azul', 4),
(5, 'MNO345', 1005, 'Chevrolet Spark', 5, 4, 'No', '1.2L', 'Verde', 1),
(6, 'PQR678', 1006, 'Hyundai Elantra', 4, 5, 'Sí', '1.8L', 'Gris', 2),
(7, 'STU901', 1007, 'Nissan Sentra', 4, 5, 'No', '1.6L', 'Blanco', 3),
(8, 'VWX234', 1008, 'Volkswagen Jetta', 4, 5, 'Sí', '2.5L', 'Negro', 4),
(9, 'YZA567', 1009, 'Kia Forte', 4, 5, 'No', '1.6L', 'Rojo', 1),
(10, 'BCD890', 1010, 'Renault Logan', 4, 5, 'Sí', '1.6L', 'Azul', 2),
(11, 'EFG123', 1011, 'BMW Serie 3', 4, 5, 'Sí', '3.0L', 'Blanco', 3),
(12, 'HIJ456', 1012, 'Audi A4', 4, 5, 'Sí', '2.0L', 'Gris', 4),
(13, 'KLM789', 1013, 'Mercedes Benz C-Class', 4, 5, 'No', '2.5L', 'Negro', 1),
(14, 'NOP012', 1014, 'Honda Accord', 4, 5, 'Sí', '2.4L', 'Rojo', 2),
(15, 'QRS345', 1015, 'Volkswagen Golf', 4, 5, 'No', '1.8L', 'Azul', 3),
(16, 'TUV678', 1016, 'Ford Mustang', 2, 4, 'Sí', '5.0L', 'Negro', 4),
(17, 'WXY901', 1017, 'Chevrolet Malibu', 4, 5, 'No', '2.4L', 'Gris', 1),
(18, 'ZAB234', 1018, 'Toyota Camry', 4, 5, 'Sí', '2.5L', 'Blanco', 2),
(19, 'CDE567', 1019, 'Kia Optima', 4, 5, 'No', '2.0L', 'Rojo', 3),
(20, 'FGH890', 1020, 'Hyundai Sonata', 4, 5, 'Sí', '2.4L', 'Verde', 4),
(21, 'HIJ123', 1021, 'Mazda CX-5', 5, 5, 'No', '2.5L', 'Negro', 1),
(22, 'KLM456', 1022, 'Nissan Rogue', 5, 5, 'Sí', '2.5L', 'Blanco', 2),
(23, 'NOP789', 1023, 'Ford Escape', 5, 5, 'No', '2.5L', 'Gris', 3),
(24, 'QRS012', 1024, 'Chevrolet Traverse', 5, 7, 'Sí', '3.6L', 'Azul', 4),
(25, 'STU345', 1025, 'Honda Pilot', 5, 7, 'No', '3.5L', 'Rojo', 1),
(26, 'VWX678', 1026, 'Toyota Highlander', 5, 7, 'Sí', '3.5L', 'Negro', 2),
(27, 'YZA901', 1027, 'Mazda CX-9', 5, 7, 'No', '2.5L', 'Blanco', 3),
(28, 'BCD234', 1028, 'Nissan Pathfinder', 5, 7, 'Sí', '3.5L', 'Verde', 4),
(29, 'EFG567', 1029, 'Jeep Grand Cherokee', 5, 5, 'No', '3.6L', 'Azul', 1),
(30, 'HIJ890', 1030, 'Chrysler Pacifica', 5, 7, 'Sí', '3.6L', 'Gris', 2),
(31, 'KLM123', 1031, 'Ford Explorer', 5, 7, 'No', '3.5L', 'Rojo', 3),
(32, 'NOP456', 1032, 'Chevrolet Suburban', 5, 8, 'Sí', '5.3L', 'Negro', 4),
(33, 'QRS789', 1033, 'Toyota Sequoia', 5, 7, 'No', '4.6L', 'Blanco', 1),
(34, 'TUV012', 1034, 'Honda Odyssey', 5, 7, 'Sí', '3.5L', 'Verde', 2),
(35, 'WXY345', 1035, 'Mazda MX-5', 2, 2, 'Sí', '2.0L', 'Rojo', 3),
(36, 'ZAB678', 1036, 'Chevrolet Camaro', 2, 4, 'No', '6.2L', 'Negro', 4),
(37, 'CDE901', 1037, 'Ford Mustang Shelby', 2, 2, 'Sí', '5.2L', 'Azul', 1),
(38, 'FGH234', 1038, 'Dodge Challenger', 2, 4, 'No', '6.4L', 'Gris', 2),
(39, 'HIJ567', 1039, 'Porsche 911', 2, 2, 'Sí', '3.0L', 'Blanco', 3),
(40, 'KLM890', 1040, 'BMW Z4', 2, 2, 'Sí', '2.0L', 'Rojo', 4),
(41, 'NOP123', 1041, 'Audi TT', 2, 2, 'No', '2.5L', 'Negro', 1),
(42, 'QRS456', 1042, 'Toyota Supra', 2, 2, 'Sí', '3.0L', 'Gris', 2),
(43, 'STU789', 1043, 'Chevrolet Corvette', 2, 2, 'No', '6.2L', 'Azul', 3),
(44, 'VWX012', 1044, 'Nissan 370Z', 2, 2, 'Sí', '3.7L', 'Blanco', 4),
(45, 'YZA345', 1045, 'Ford GT', 2, 2, 'Sí', '3.5L', 'Rojo', 1),
(46, 'BCD678', 1046, 'Porsche Cayman', 2, 2, 'No', '2.9L', 'Negro', 2),
(47, 'EFG901', 1047, 'Jaguar F-Type', 2, 2, 'Sí', '3.0L', 'Gris', 3),
(48, 'HIJ234', 1048, 'Mercedes Benz SLK', 2, 2, 'No', '2.1L', 'Blanco', 4),
(49, 'KLM567', 1049, 'Alfa Romeo 4C', 2, 2, 'Sí', '1.7L', 'Rojo', 1),
(50, 'NOP890', 1050, 'Ferrari 488', 2, 2, 'Sí', '3.9L', 'Negro', 2),
(51, 'QRS123', 1051, 'Lamborghini Huracán', 2, 2, 'No', '5.2L', 'Verde', 3),
(52, 'STU456', 1052, 'Maserati GranTurismo', 2, 2, 'Sí', '4.7L', 'Azul', 4),
(53, 'VWX789', 1053, 'Bentley Continental GT', 2, 2, 'No', '6.0L', 'Gris', 1),
(54, 'YZA012', 1054, 'Aston Martin DB11', 2, 2, 'Sí', '5.2L', 'Blanco', 2),
(55, 'BCD345', 1055, 'McLaren 720S', 2, 2, 'Sí', '4.0L', 'Rojo', 3),
(56, 'EFG678', 1056, 'Rolls-Royce Dawn', 2, 2, 'No', '6.6L', 'Negro', 4),
(57, 'HIJ901', 1057, 'Bugatti Chiron', 2, 2, 'Sí', '8.0L', 'Azul', 1),
(58, 'KLM234', 1058, 'Koenigsegg Jesko', 2, 2, 'No', '5.0L', 'Gris', 2),
(59, 'NOP567', 1059, 'Pagani Huayra', 2, 2, 'Sí', '6.0L', 'Blanco', 3),
(60, 'QRS890', 1060, 'Ferrari LaFerrari', 2, 2, 'No', '6.3L', 'Rojo', 4),
(61, 'STU012', 1061, 'Lamborghini Aventador', 2, 2, 'Sí', '6.5L', 'Negro', 1),
(62, 'VWX345', 1062, 'Porsche 918 Spyder', 2, 2, 'No', '4.6L', 'Blanco', 2),
(63, 'YZA678', 1063, 'McLaren P1', 2, 2, 'Sí', '3.8L', 'Azul', 3),
(64, 'BCD901', 1064, 'Mercedes Benz SLS AMG', 2, 2, 'No', '6.2L', 'Rojo', 4),
(65, 'EFG234', 1065, 'BMW i8', 2, 2, 'Sí', '1.5L', 'Gris', 1),
(66, 'HIJ567', 1066, 'Audi R8', 2, 2, 'No', '5.2L', 'Negro', 2),
(67, 'KLM890', 1067, 'Jaguar F-Type R', 2, 2, 'Sí', '5.0L', 'Blanco', 3),
(68, 'NOP123', 1068, 'Porsche Taycan', 2, 2, 'No', 'Electric', 'Rojo', 4),
(69, 'QRS456', 1069, 'Tesla Roadster', 2, 2, 'Sí', 'Electric', 'Azul', 1),
(70, 'STU789', 1070, 'Lucid Air', 2, 2, 'No', 'Electric', 'Gris', 2),
(71, 'VWX012', 1071, 'Rimac Nevera', 2, 2, 'Sí', 'Electric', 'Blanco', 3),
(72, 'YZA345', 1072, 'Nissan Leaf', 2, 2, 'No', 'Electric', 'Rojo', 4),
(73, 'BCD678', 1073, 'Chevrolet Bolt EV', 2, 2, 'Sí', 'Electric', 'Verde', 1),
(74, 'EFG901', 1074, 'BMW i3', 2, 2, 'No', 'Electric', 'Azul', 2),
(75, 'HIJ234', 1075, 'Audi e-Tron', 2, 2, 'Sí', 'Electric', 'Negro', 3),
(76, 'KLM567', 1076, 'Tesla Model X', 5, 7, 'No', 'Electric', 'Blanco', 4),
(77, 'NOP890', 1077, 'Ford Mustang Mach-E', 5, 5, 'Sí', 'Electric', 'Rojo', 1),
(78, 'QRS123', 1078, 'Hyundai Kona Electric', 5, 5, 'No', 'Electric', 'Gris', 2),
(79, 'STU456', 1079, 'Kia Soul EV', 5, 5, 'Sí', 'Electric', 'Azul', 3),
(80, 'VWX789', 1080, 'Jaguar I-PACE', 5, 5, 'No', 'Electric', 'Negro', 4),
(81, 'YZA012', 1081, 'Chevrolet Equinox EV', 5, 5, 'Sí', 'Electric', 'Blanco', 1),
(82, 'BCD345', 1082, 'Mazda MX-30', 5, 5, 'No', 'Electric', 'Verde', 2),
(83, 'EFG678', 1083, 'Nissan Ariya', 5, 5, 'Sí', 'Electric', 'Rojo', 3),
(84, 'HIJ901', 1084, 'Volkswagen ID.4', 5, 5, 'No', 'Electric', 'Azul', 4),
(85, 'KLM234', 1085, 'Mercedes Benz EQC', 5, 5, 'Sí', 'Electric', 'Gris', 1),
(86, 'NOP567', 1086, 'BMW X3 xDrive30e', 5, 5, 'No', 'Electric', 'Negro', 2),
(87, 'QRS890', 1087, 'Audi Q4 e-Tron', 5, 5, 'Sí', 'Electric', 'Blanco', 3),
(88, 'STU012', 1088, 'Porsche Taycan Cross Turismo', 5, 5, 'No', 'Electric', 'Rojo', 4),
(89, 'VWX345', 1089, 'Rivian R1T', 5, 5, 'Sí', 'Electric', 'Azul', 1),
(90, 'YZA678', 1090, 'Lucid Gravity', 5, 5, 'No', 'Electric', 'Gris', 2),
(91, 'BCD901', 1091, 'Tesla Model Y', 5, 7, 'Sí', 'Electric', 'Blanco', 3),
(92, 'EFG234', 1092, 'Volkswagen ID. Buzz', 5, 7, 'No', 'Electric', 'Rojo', 4),
(93, 'HIJ567', 1093, 'Ford F-150 Lightning', 5, 5, 'Sí', 'Electric', 'Negro', 1),
(94, 'KLM890', 1094, 'Chevrolet Silverado EV', 5, 5, 'No', 'Electric', 'Azul', 2),
(95, 'NOP123', 1095, 'Rivian R1S', 5, 5, 'Sí', 'Electric', 'Gris', 3),
(96, 'QRS456', 1096, 'GMC Hummer EV', 5, 5, 'No', 'Electric', 'Blanco', 4),
(97, 'STU789', 1097, 'Fisker Ocean', 5, 5, 'Sí', 'Electric', 'Rojo', 1),
(98, 'VWX012', 1098, 'Bollinger B1', 5, 5, 'No', 'Electric', 'Verde', 2),
(99, 'YZA345', 1099, 'Lordstown Endurance', 5, 5, 'Sí', 'Electric', 'Negro', 3),
(100, 'BCD678', 1100, 'Alpha Motor Ace', 5, 5, 'No', 'Electric', 'Blanco', 4);


INSERT INTO Alquileres (id_alquiler, fecha_salida, fecha_llegada, fecha_esperada, valor_cotizado, valor_pagado, id_vehiculo, id_cliente, id_empleado, id_sucursal) VALUES
(1, '2024-01-10', '2024-01-15', '2024-01-14', 700, 700, 1, 1, 1, 1),
(2, '2024-02-12', '2024-02-18', '2024-02-17', 900, 900, 2, 2, 2, 2),
(3, '2024-03-05', '2024-03-07', '2024-03-06', 1100, 1100, 3, 3, 3, 3),
(4, '2024-04-01', '2024-04-08', '2024-04-07', 500, 500, 4, 4, 4, 4),
(5, '2024-05-10', '2024-05-12', '2024-05-11', 600, 600, 5, 5, 5, 5),
(6, '2024-06-15', '2024-06-20', '2024-06-19', 1500, 1500, 6, 6, 6, 6),
(7, '2024-07-01', '2024-07-05', '2024-07-04', 1800, 1800, 7, 7, 7, 7),
(8, '2024-08-10', '2024-08-12', '2024-08-11', 650, 650, 8, 8, 8, 8),
(9, '2024-09-01', '2024-09-06', '2024-09-05', 750, 750, 9, 9, 9, 9),
(10, '2024-10-12', '2024-10-16', '2024-10-15', 850, 850, 10, 10, 10, 10),
(11, '2024-01-20', '2024-01-25', '2024-01-24', 950, 950, 11, 11, 11, 11),
(12, '2024-02-15', '2024-02-19', '2024-02-18', 1200, 1200, 12, 12, 12, 12),
(13, '2024-03-07', '2024-03-11', '2024-03-10', 1100, 1100, 13, 13, 13, 13),
(14, '2024-04-10', '2024-04-14', '2024-04-13', 800, 800, 14, 14, 14, 14),
(15, '2024-05-01', '2024-05-05', '2024-05-04', 600, 600, 15, 15, 15, 15),
(16, '2024-06-20', '2024-06-25', '2024-06-24', 700, 700, 16, 16, 16, 16),
(17, '2024-07-10', '2024-07-15', '2024-07-14', 850, 850, 17, 17, 17, 17),
(18, '2024-08-01', '2024-08-05', '2024-08-04', 950, 950, 18, 18, 18, 18),
(19, '2024-09-10', '2024-09-12', '2024-09-11', 1000, 1000, 19, 19, 19, 19),
(20, '2024-10-02', '2024-10-05', '2024-10-04', 1200, 1200, 20, 20, 20, 20),
(21, '2024-01-15', '2024-01-20', '2024-01-19', 1100, 1100, 21, 21, 21, 21),
(22, '2024-02-10', '2024-02-14', '2024-02-13', 650, 650, 22, 22, 22, 22),
(23, '2024-03-01', '2024-03-05', '2024-03-04', 750, 750, 23, 23, 23, 23),
(24, '2024-04-12', '2024-04-18', '2024-04-17', 950, 950, 24, 24, 24, 24),
(25, '2024-05-25', '2024-05-30', '2024-05-29', 700, 700, 25, 25, 25, 25),
(26, '2024-06-05', '2024-06-09', '2024-06-08', 850, 850, 26, 26, 26, 26),
(27, '2024-07-18', '2024-07-20', '2024-07-19', 950, 950, 27, 27, 27, 27),
(28, '2024-08-08', '2024-08-12', '2024-08-11', 1000, 1000, 28, 28, 28, 28),
(29, '2024-09-15', '2024-09-19', '2024-09-18', 650, 650, 29, 29, 29, 29),
(30, '2024-10-20', '2024-10-24', '2024-10-23', 1200, 1200, 30, 30, 30, 30),
(31, '2024-01-08', '2024-01-12', '2024-01-11', 800, 800, 31, 31, 31, 31),
(32, '2024-02-20', '2024-02-23', '2024-02-22', 700, 700, 32, 32, 32, 32),
(33, '2024-03-12', '2024-03-16', '2024-03-15', 900, 900, 33, 33, 33, 33),
(34, '2024-04-02', '2024-04-06', '2024-04-05', 650, 650, 34, 34, 34, 34),
(35, '2024-05-15', '2024-05-19', '2024-05-18', 750, 750, 35, 35, 35, 35),
(36, '2024-06-25', '2024-06-30', '2024-06-29', 800, 800, 36, 36, 36, 36),
(37, '2024-07-20', '2024-07-24', '2024-07-23', 950, 950, 37, 37, 37, 37),
(38, '2024-08-15', '2024-08-18', '2024-08-17', 1100, 1100, 38, 38, 38, 38),
(39, '2024-09-20', '2024-09-25', '2024-09-24', 1200, 1200, 39, 39, 39, 39),
(40, '2024-10-05', '2024-10-09', '2024-10-08', 700, 700, 40, 40, 40, 40),
(41, '2024-01-22', '2024-01-26', '2024-01-25', 800, 800, 41, 41, 41, 41),
(42, '2024-02-28', '2024-03-03', '2024-03-02', 950, 950, 42, 42, 42, 42),
(43, '2024-03-15', '2024-03-19', '2024-03-18', 1000, 1000, 43, 43, 43, 43),
(44, '2024-04-18', '2024-04-22', '2024-04-21', 1100, 1100, 44, 44, 44, 44),
(45, '2024-05-10', '2024-05-14', '2024-05-13', 950, 950, 45, 45, 45, 45),
(46, '2024-06-05', '2024-06-09', '2024-06-08', 800, 800, 46, 46, 46, 46),
(47, '2024-07-25', '2024-07-30', '2024-07-29', 700, 700, 47, 47, 47, 47),
(48, '2024-08-05', '2024-08-09', '2024-08-08', 1200, 1200, 48, 48, 48, 48),
(49, '2024-09-01', '2024-09-04', '2024-09-03', 850, 850, 49, 49, 49, 49),
(50, '2024-10-10', '2024-10-13', '2024-10-12', 1000, 1000, 50, 50, 50, 50),
(51, '2024-01-18', '2024-01-23', '2024-01-22', 700, 700, 51, 51, 51, 51),
(52, '2024-02-10', '2024-02-13', '2024-02-12', 800, 800, 52, 52, 52, 52),
(53, '2024-03-10', '2024-03-14', '2024-03-13', 950, 950, 53, 53, 53, 53),
(54, '2024-04-05', '2024-04-08', '2024-04-07', 600, 600, 54, 54, 54, 54),
(55, '2024-05-05', '2024-05-10', '2024-05-09', 850, 850, 55, 55, 55, 55),
(56, '2024-06-15', '2024-06-18', '2024-06-17', 750, 750, 56, 56, 56, 56),
(57, '2024-07-01', '2024-07-05', '2024-07-04', 950, 950, 57, 57, 57, 57),
(58, '2024-08-10', '2024-08-14', '2024-08-13', 1100, 1100, 58, 58, 58, 58),
(59, '2024-09-05', '2024-09-09', '2024-09-08', 1200, 1200, 59, 59, 59, 59),
(60, '2024-10-15', '2024-10-20', '2024-10-19', 650, 650, 60, 60, 60, 60),
(61, '2024-01-22', '2024-01-27', '2024-01-26', 750, 750, 61, 61, 61, 61),
(62, '2024-02-14', '2024-02-18', '2024-02-17', 800, 800, 62, 62, 62, 62),
(63, '2024-03-25', '2024-03-30', '2024-03-29', 950, 950, 63, 63, 63, 63),
(64, '2024-04-02', '2024-04-07', '2024-04-06', 1000, 1000, 64, 64, 64, 64),
(65, '2024-05-20', '2024-05-25', '2024-05-24', 850, 850, 65, 65, 65, 65),
(66, '2024-06-30', '2024-07-05', '2024-07-04', 1100, 1100, 66, 66, 66, 66),
(67, '2024-07-15', '2024-07-19', '2024-07-18', 1200, 1200, 67, 67, 67, 67),
(68, '2024-08-20', '2024-08-24', '2024-08-23', 950, 950, 68, 68, 68, 68),
(69, '2024-09-05', '2024-09-09', '2024-09-08', 700, 700, 69, 69, 69, 69),
(70, '2024-10-01', '2024-10-05', '2024-10-04', 850, 850, 70, 70, 70, 70),
(71, '2024-01-10', '2024-01-15', '2024-01-14', 600, 600, 71, 71, 71, 71),
(72, '2024-02-05', '2024-02-10', '2024-02-09', 750, 750, 72, 72, 72, 72),
(73, '2024-03-07', '2024-03-11', '2024-03-10', 800, 800, 73, 73, 73, 73),
(74, '2024-04-10', '2024-04-15', '2024-04-14', 950, 950, 74, 74, 74, 74),
(75, '2024-05-15', '2024-05-20', '2024-05-19', 1000, 1000, 75, 75, 75, 75),
(76, '2024-06-25', '2024-06-30', '2024-06-29', 1100, 1100, 76, 76, 76, 76),
(77, '2024-07-05', '2024-07-10', '2024-07-09', 1200, 1200, 77, 77, 77, 77),
(78, '2024-08-01', '2024-08-04', '2024-08-03', 700, 700, 78, 78, 78, 78),
(79, '2024-09-14', '2024-09-18', '2024-09-17', 850, 850, 79, 79, 79, 79),
(80, '2024-10-20', '2024-10-25', '2024-10-24', 950, 950, 80, 80, 80, 80),
(81, '2024-01-30', '2024-02-04', '2024-02-03', 600, 600, 81, 81, 81, 81),
(82, '2024-02-17', '2024-02-22', '2024-02-21', 650, 650, 82, 82, 82, 82),
(83, '2024-03-22', '2024-03-26', '2024-03-25', 750, 750, 83, 83, 83, 83),
(84, '2024-04-01', '2024-04-05', '2024-04-04', 800, 800, 84, 84, 84, 84),
(85, '2024-05-25', '2024-05-29', '2024-05-28', 950, 950, 85, 85, 85, 85),
(86, '2024-06-10', '2024-06-15', '2024-06-14', 1000, 1000, 86, 86, 86, 86),
(87, '2024-07-01', '2024-07-05', '2024-07-04', 1200, 1200, 87, 87, 87, 87),
(88, '2024-08-05', '2024-08-10', '2024-08-09', 950, 950, 88, 88, 88, 88),
(89, '2024-09-01', '2024-09-05', '2024-09-04', 700, 700, 89, 89, 89, 89),
(90, '2024-10-02', '2024-10-07', '2024-10-06', 800, 800, 90, 90, 90, 90),
(91, '2024-01-25', '2024-01-29', '2024-01-28', 650, 650, 91, 91, 91, 91),
(92, '2024-02-20', '2024-02-24', '2024-02-23', 700, 700, 92, 92, 92, 92),
(93, '2024-03-10', '2024-03-14', '2024-03-13', 750, 750, 93, 93, 93, 93),
(94, '2024-04-05', '2024-04-09', '2024-04-08', 800, 800, 94, 94, 94, 94),
(95, '2024-05-15', '2024-05-19', '2024-05-18', 850, 850, 95, 95, 95, 95),
(96, '2024-06-10', '2024-06-15', '2024-06-14', 950, 950, 96, 96, 96, 96),
(97, '2024-07-30', '2024-08-04', '2024-08-03', 1000, 1000, 97, 97, 97, 97),
(98, '2024-09-20', '2024-09-25', '2024-09-24', 1200, 1200, 98, 98, 98, 98),
(99, '2024-10-15', '2024-10-18', '2024-10-17', 650, 650, 99, 99, 99, 99),
(100, '2024-01-12', '2024-01-18', '2024-01-17', 700, 700, 100, 100, 100, 100);

select * from vehiculos;
INSERT INTO Descuentos (id_descuento, fecha_inicio, fecha_fin, porcentaje_descuento, id_tipoV) VALUES
(1, '2024-01-01', '2024-01-15', 10, 1),
(2, '2024-02-01', '2024-02-15', 15, 2),
(3, '2024-03-01', '2024-03-15', 20, 3),
(4, '2024-04-01', '2024-04-15', 10, 4),
(5, '2024-05-01', '2024-05-15', 25, 1),
(6, '2024-06-01', '2024-06-15', 30, 2),
(7, '2024-07-01', '2024-07-15', 5, 3),
(8, '2024-08-01', '2024-08-15', 12, 4),
(9, '2024-09-01', '2024-09-15', 18, 1),
(10, '2024-10-01', '2024-10-15', 22, 2),
(11, '2024-11-01', '2024-11-15', 8, 3),
(12, '2024-12-01', '2024-12-15', 10, 4),
(13, '2024-01-16', '2024-01-31', 12, 1),
(14, '2024-02-16', '2024-02-29', 18, 2),
(15, '2024-03-16', '2024-03-31', 25, 3),
(16, '2024-04-16', '2024-04-30', 20, 4),
(17, '2024-05-16', '2024-05-31', 15, 1),
(18, '2024-06-16', '2024-06-30', 28, 2),
(19, '2024-07-16', '2024-07-31', 10, 3),
(20, '2024-08-16', '2024-08-31', 5, 4),
(21, '2024-09-16', '2024-09-30', 30, 1),
(22, '2024-10-16', '2024-10-31', 12, 2),
(23, '2024-11-16', '2024-11-30', 10, 3),
(24, '2024-12-16', '2024-12-31', 18, 4),
(25, '2024-01-01', '2024-01-07', 10, 2),
(26, '2024-02-01', '2024-02-07', 15, 3),
(27, '2024-03-01', '2024-03-07', 20, 4),
(28, '2024-04-01', '2024-04-07', 25, 1),
(29, '2024-05-01', '2024-05-07', 5, 2),
(30, '2024-06-01', '2024-06-07', 30, 3),
(31, '2024-07-01', '2024-07-07', 12, 4),
(32, '2024-08-01', '2024-08-07', 18, 1),
(33, '2024-09-01', '2024-09-07', 22, 2),
(34, '2024-10-01', '2024-10-07', 10, 3),
(35, '2024-11-01', '2024-11-07', 30, 4),
(36, '2024-12-01', '2024-12-07', 15, 1),
(37, '2024-01-08', '2024-01-14', 18, 2),
(38, '2024-02-08', '2024-02-14', 20, 3),
(39, '2024-03-08', '2024-03-14', 10, 4),
(40, '2024-04-08', '2024-04-14', 25, 1),
(41, '2024-05-08', '2024-05-14', 30, 2),
(42, '2024-06-08', '2024-06-14', 5, 3),
(43, '2024-07-08', '2024-07-14', 22, 4),
(44, '2024-08-08', '2024-08-14', 18, 1),
(45, '2024-09-08', '2024-09-14', 30, 2),
(46, '2024-10-08', '2024-10-14', 12, 3),
(47, '2024-11-08', '2024-11-14', 20, 4),
(48, '2024-12-08', '2024-12-14', 15, 1),
(49, '2024-01-15', '2024-01-21', 22, 2),
(50, '2024-02-15', '2024-02-21', 10, 3),
(51, '2024-03-15', '2024-03-21', 5, 4),
(52, '2024-04-15', '2024-04-21', 12, 1),
(53, '2024-05-15', '2024-05-21', 18, 2),
(54, '2024-06-15', '2024-06-21', 20, 3),
(55, '2024-07-15', '2024-07-21', 30, 4),
(56, '2024-08-15', '2024-08-21', 25, 1),
(57, '2024-09-15', '2024-09-21', 30, 2),
(58, '2024-10-15', '2024-10-21', 12, 3),
(59, '2024-11-15', '2024-11-21', 10, 4),
(60, '2024-12-15', '2024-12-21', 22, 1),
(61, '2024-01-22', '2024-01-28', 18, 2),
(62, '2024-02-22', '2024-02-28', 25, 3),
(63, '2024-03-22', '2024-03-28', 12, 4),
(64, '2024-04-22', '2024-04-28', 10, 1),
(65, '2024-05-22', '2024-05-28', 30, 2),
(66, '2024-06-22', '2024-06-28', 20, 3),
(67, '2024-07-22', '2024-07-28', 15, 4),
(68, '2024-08-22', '2024-08-28', 10, 1),
(69, '2024-09-22', '2024-09-28', 22, 2),
(70, '2024-10-22', '2024-10-28', 12, 3),
(71, '2024-11-22', '2024-11-28', 18, 4),
(72, '2024-12-22', '2024-12-28', 15, 1),
(73, '2024-01-29', '2024-02-04', 25, 2),
(74, '2024-02-29', '2024-03-06', 18, 3),
(75, '2024-03-29', '2024-04-04', 30, 4),
(76, '2024-04-29', '2024-05-05', 10, 1),
(77, '2024-05-29', '2024-06-04', 20, 2),
(78, '2024-06-29', '2024-07-05', 25, 3),
(79, '2024-07-29', '2024-08-04', 12, 4),
(80, '2024-08-29', '2024-09-04', 30, 1),
(81, '2024-09-29', '2024-10-05', 22, 2),
(82, '2024-10-29', '2024-11-04', 15, 3),
(83, '2024-11-29', '2024-12-05', 18, 4),
(84, '2024-12-29', '2024-01-04', 10, 1),
(85, '2024-01-01', '2024-01-07', 18, 2),
(86, '2024-02-01', '2024-02-07', 10, 3),
(87, '2024-03-01', '2024-03-07', 30, 4),
(88, '2024-04-01', '2024-04-07', 25, 1),
(89, '2024-05-01', '2024-05-07', 12, 2),
(90, '2024-06-01', '2024-06-07', 22, 3),
(91, '2024-07-01', '2024-07-07', 15, 4),
(92, '2024-08-01', '2024-08-07', 30, 1),
(93, '2024-09-01', '2024-09-07', 20, 2),
(94, '2024-10-01', '2024-10-07', 12, 3),
(95, '2024-11-01', '2024-11-07', 25, 4),
(96, '2024-12-01', '2024-12-07', 30, 1),
(97, '2024-01-01', '2024-01-31', 10, 2),
(98, '2024-02-01', '2024-02-28', 15, 3),
(99, '2024-03-01', '2024-03-31', 25, 4),
(100, '2024-04-01', '2024-04-30', 30, 1);