
use AutoRenta_OrtizZully;

INSERT INTO sucursales (id_sucursal, ubicacion, ciudad, dirección, telefono_fijo, celular, correo_electronico) VALUES
(1, 'Centro Comercial Plaza', 'Bogotá', 'Carrera 15 #45-78', '6012345678', '3001234567', 'contacto1@empresa.com'),
(2, 'Avenida Central', 'Medellín', 'Calle 10 #25-30', '6048765432', '3102345678', 'contacto2@empresa.com'),
(3, 'Parque Industrial', 'Cali', 'Avenida 5 #12-25', '6028765432', '3203456789', 'contacto3@empresa.com'),
(4, 'Zona Franca', 'Barranquilla', 'Calle 7 #18-45', '6051234567', '3214567890', 'contacto4@empresa.com'),
(5, 'Centro Histórico', 'Cartagena', 'Carrera 4 #6-10', '6052345678', '3225678901', 'contacto5@empresa.com'),
(6, 'Mall Las Palmas', 'Bucaramanga', 'Avenida 33 #44-50', '6073456789', '3136789012', 'contacto6@empresa.com'),
(7, 'Edificio Torreón', 'Pereira', 'Calle 12 #8-20', '6064567890', '3157890123', 'contacto7@empresa.com'),
(8, 'Zona Norte', 'Manizales', 'Carrera 9 #11-55', '6065678901', '3168901234', 'contacto8@empresa.com'),
(9, 'Centro Comercial Primavera', 'Cúcuta', 'Avenida 7 #6-22', '6076789012', '3002345678', 'contacto9@empresa.com'),
(10, 'Zona Industrial', 'Ibagué', 'Calle 2 #9-10', '6087890123', '3013456789', 'contacto10@empresa.com'),
(11, 'Avenida Bolívar', 'Armenia', 'Carrera 14 #18-55', '6068901234', '3024567890', 'contacto11@empresa.com'),
(12, 'Parque Empresarial', 'Villavicencio', 'Calle 4 #25-30', '6089012345', '3035678901', 'contacto12@empresa.com'),
(13, 'Zona T', 'Santa Marta', 'Carrera 2 #10-44', '6050123456', '3046789012', 'contacto13@empresa.com'),
(14, 'Avenida Paralela', 'Neiva', 'Calle 7 #12-18', '6081234567', '3057890123', 'contacto14@empresa.com'),
(15, 'Boulevard del Río', 'Pasto', 'Carrera 10 #3-50', '6022345678', '3068901234', 'contacto15@empresa.com'),
(16, 'Edificio Omega', 'Popayán', 'Calle 6 #7-90', '6023456789', '3079012345', 'contacto16@empresa.com'),
(17, 'Centro Comercial San Nicolás', 'Sincelejo', 'Carrera 11 #15-20', '6054567890', '3080123456', 'contacto17@empresa.com'),
(18, 'Mall Guatapurí', 'Valledupar', 'Calle 9 #20-25', '6055678901', '3091234567', 'contacto18@empresa.com'),
(19, 'Plaza La 14', 'Palmira', 'Carrera 5 #8-30', '6026789012', '3002345678', 'contacto19@empresa.com'),
(20, 'Centro Comercial Único', 'Montería', 'Calle 13 #17-22', '6047890123', '3013456789', 'contacto20@empresa.com'),
(21, 'Centro Comercial Santa Fé', 'Bogotá', 'Avenida 147 #53-57', '6018901234', '3024567890', 'contacto21@empresa.com'),
(22, 'Zona Outlet', 'Medellín', 'Calle 33 #72-11', '6049012345', '3035678901', 'contacto22@empresa.com'),
(23, 'Parque de la 93', 'Bogotá', 'Carrera 15 #93-75', '6010123456', '3046789012', 'contacto23@empresa.com'),
(24, 'Paseo del Río', 'Cali', 'Avenida 6 #15-47', '6021234567', '3057890123', 'contacto24@empresa.com'),
(25, 'Centro Comercial Buenavista', 'Barranquilla', 'Calle 98 #52B-10', '6052345678', '3068901234', 'contacto25@empresa.com'),
(26, 'Mall Portal del Prado', 'Barranquilla', 'Avenida 53 #82-58', '6053456789', '3079012345', 'contacto26@empresa.com'),
(27, 'Centro Internacional', 'Bogotá', 'Carrera 10 #27-50', '6014567890', '3080123456', 'contacto27@empresa.com'),
(28, 'Ciudadela Comercial', 'Cali', 'Calle 5 #38-20', '6025678901', '3091234567', 'contacto28@empresa.com'),
(29, 'Avenida del Río', 'Bucaramanga', 'Avenida 30 #48-70', '6076789012', '3002345678', 'contacto29@empresa.com'),
(30, 'Centro Comercial Altavista', 'Medellín', 'Calle 12 #20-34', '6047890123', '3013456789', 'contacto30@empresa.com'),
(31, 'Centro Comercial Gran Estación', 'Bogotá', 'Avenida El Dorado #62-49', '6016789012', '3124567890', 'contacto31@empresa.com'),
(32, 'Mall del Sur', 'Cali', 'Calle 16 #50-70', '6028901234', '3135678901', 'contacto32@empresa.com'),
(33, 'Plaza Imperial', 'Bogotá', 'Calle 145 #104-57', '6017890123', '3146789012', 'contacto33@empresa.com'),
(34, 'Avenida El Poblado', 'Medellín', 'Carrera 43A #7-31', '6040123456', '3157890123', 'contacto34@empresa.com'),
(35, 'Centro Comercial La Flora', 'Cali', 'Calle 62 #3B-15', '6022345678', '3168901234', 'contacto35@empresa.com'),
(36, 'Plaza Las Américas', 'Bogotá', 'Carrera 71D #6-94', '6013456789', '3179012345', 'contacto36@empresa.com'),
(37, 'Mall del Este', 'Medellín', 'Calle 37 #49-87', '6044567890', '3180123456', 'contacto37@empresa.com'),
(38, 'Plaza Mayor', 'Bucaramanga', 'Avenida 35 #45-77', '6075678901', '3191234567', 'contacto38@empresa.com'),
(39, 'Centro Comercial La 70', 'Medellín', 'Carrera 70 #45-12', '6046789012', '3202345678', 'contacto39@empresa.com'),
(40, 'Avenida del Ferrocarril', 'Santa Marta', 'Carrera 5 #22-44', '6057890123', '3213456789', 'contacto40@empresa.com'),
(41, 'Mall Portal de San Fernando', 'Cartagena', 'Calle 31 #26-65', '6058901234', '3224567890', 'contacto41@empresa.com'),
(42, 'Zona Comercial Gran Plaza', 'Cúcuta', 'Avenida 4 #5-40', '6070123456', '3235678901', 'contacto42@empresa.com'),
(43, 'Centro Comercial La Colina', 'Bogotá', 'Avenida Boyacá #146-28', '6012345678', '3246789012', 'contacto43@empresa.com'),
(44, 'Mall Multicentro', 'Ibagué', 'Carrera 5 #32-15', '6083456789', '3257890123', 'contacto44@empresa.com'),
(45, 'Centro Comercial Viva', 'Villavicencio', 'Calle 35 #20-30', '6084567890', '3268901234', 'contacto45@empresa.com'),
(46, 'Zona Comercial La Sabana', 'Pasto', 'Avenida 12 #18-60', '6025678901', '3279012345', 'contacto46@empresa.com'),
(47, 'Mall Plaza del Río', 'Neiva', 'Calle 9 #12-80', '6086789012', '3280123456', 'contacto47@empresa.com'),
(48, 'Parque Comercial Guayabal', 'Manizales', 'Carrera 3 #5-18', '6067890123', '3291234567', 'contacto48@empresa.com'),
(49, 'Centro Comercial Alejandría', 'Pereira', 'Calle 22 #14-37', '6068901234', '3002345678', 'contacto49@empresa.com'),
(50, 'Mall La Ceja', 'Cali', 'Carrera 12 #8-42', '6020123456', '3013456789', 'contacto50@empresa.com'),
(51, 'Centro Comercial Las Ramblas', 'Medellín', 'Avenida 33 #80-12', '6041234567', '3024567890', 'contacto51@empresa.com'),
(52, 'Plaza San Francisco', 'Popayán', 'Calle 5 #12-77', '6022345678', '3035678901', 'contacto52@empresa.com'),
(53, 'Centro Comercial La Felicidad', 'Bogotá', 'Avenida La Esperanza #13-34', '6013456789', '3046789012', 'contacto53@empresa.com'),
(54, 'Mall Los Alcázares', 'Pereira', 'Carrera 11 #18-25', '6064567890', '3057890123', 'contacto54@empresa.com'),
(55, 'Parque Industrial Las Palmas', 'Cartagena', 'Calle 6 #2-40', '6055678901', '3068901234', 'contacto55@empresa.com'),
(56, 'Zona Comercial El Nogal', 'Bucaramanga', 'Avenida 20 #10-45', '6076789012', '3079012345', 'contacto56@empresa.com'),
(57, 'Mall Montecarlo', 'Sincelejo', 'Calle 10 #5-32', '6057890123', '3080123456', 'contacto57@empresa.com'),
(58, 'Centro Comercial Plaza Mayor', 'Cali', 'Avenida 1 #2-55', '6028901234', '3091234567', 'contacto58@empresa.com'),
(59, 'Avenida de los Estudiantes', 'Armenia', 'Carrera 9 #14-26', '6060123456', '3002345678', 'contacto59@empresa.com'),
(60, 'Centro Comercial La Castellana', 'Montería', 'Calle 17 #22-66', '6041234567', '3013456789', 'contacto60@empresa.com'),
(61, 'Mall San Pedro', 'Villavicencio', 'Carrera 7 #15-42', '6082345678', '3024567890', 'contacto61@empresa.com'),
(62, 'Centro Empresarial', 'Barranquilla', 'Avenida 20 de Julio #30-35', '6053456789', '3035678901', 'contacto62@empresa.com'),
(63, 'Centro Comercial Llanogrande', 'Cúcuta', 'Carrera 2 #6-22', '6074567890', '3046789012', 'contacto63@empresa.com'),
(64, 'Plaza de Mercado', 'Santa Marta', 'Avenida Libertador #55-19', '6055678901', '3057890123', 'contacto64@empresa.com'),
(65, 'Centro Comercial Paseo Villa del Río', 'Bogotá', 'Avenida 68 #24-70', '6016789012', '3068901234', 'contacto65@empresa.com'),
(66, 'Mall La Estrella', 'Medellín', 'Calle 4 #10-18', '6047890123', '3079012345', 'contacto66@empresa.com'),
(67, 'Centro Comercial Suricentro', 'Neiva', 'Carrera 20 #25-40', '6088901234', '3080123456', 'contacto67@empresa.com'),
(68, 'Centro Comercial Los Andes', 'Bogotá', 'Carrera 11 #80-45', '6019012345', '3091234567', 'contacto68@empresa.com'),
(69, 'Plaza del Parque', 'Bucaramanga', 'Calle 15 #33-70', '6070123456', '3002345678', 'contacto69@empresa.com'),
(70, 'Centro Empresarial Cañaveral', 'Cali', 'Avenida 8 #12-20', '6023456789', '3013456789', 'contacto70@empresa.com'),
(71, 'Centro Comercial Los Molinos', 'Medellín', 'Carrera 10 #44-50', '6044567890', '3024567890', 'contacto71@empresa.com'),
(72, 'Plaza Mayorista', 'Cali', 'Avenida 5 #33-40', '6025678901', '3035678901', 'contacto72@empresa.com'),
(73, 'Centro Comercial Galerías', 'Bogotá', 'Carrera 16 #53-50', '6016789012', '3046789012', 'contacto73@empresa.com'),
(74, 'Mall del Valle', 'Villavicencio', 'Calle 28 #18-25', '6087890123', '3057890123', 'contacto74@empresa.com'),
(75, 'Centro Comercial Unicentro', 'Medellín', 'Calle 34 #78-25', '6048901234', '3068901234', 'contacto75@empresa.com'),
(76, 'Centro Comercial Ventura Plaza', 'Cúcuta', 'Avenida 0 #13-34', '6070123456', '3079012345', 'contacto76@empresa.com'),
(77, 'Plaza de la Libertad', 'Cartagena', 'Calle 25 #22-10', '6051234567', '3080123456', 'contacto77@empresa.com'),
(78, 'Mall Los Andes', 'Armenia', 'Carrera 4 #15-16', '6062345678', '3091234567', 'contacto78@empresa.com'),
(79, 'Centro Comercial Chipichape', 'Cali', 'Avenida 6 #38-35', '6023456789', '3002345678', 'contacto79@empresa.com'),
(80, 'Centro Comercial El Tesoro', 'Medellín', 'Carrera 25A #1A Sur-45', '6044567890', '3013456789', 'contacto80@empresa.com'),
(81, 'Mall Plaza Imperial', 'Bogotá', 'Calle 145 #103B-85', '6015678901', '3024567890', 'contacto81@empresa.com'),
(82, 'Centro Comercial Buenavista', 'Barranquilla', 'Calle 98 #52-115', '6056789012', '3035678901', 'contacto82@empresa.com'),
(83, 'Plaza de las Américas', 'Bogotá', 'Carrera 71D #6-94', '6017890123', '3046789012', 'contacto83@empresa.com'),
(84, 'Centro Comercial Ocean Mall', 'Santa Marta', 'Avenida del Río #3-12', '6058901234', '3057890123', 'contacto84@empresa.com'),
(85, 'Plaza Mayor', 'Medellín', 'Calle 44A #63-14', '6049012345', '3068901234', 'contacto85@empresa.com'),
(86, 'Centro Comercial Parque Arboleda', 'Pereira', 'Carrera 14 #20-30', '6060123456', '3079012345', 'contacto86@empresa.com'),
(87, 'Mall San Nicolás', 'Rionegro', 'Calle 23 #15-60', '6042345678', '3080123456', 'contacto87@empresa.com'),
(88, 'Plaza Central', 'Bogotá', 'Avenida Ciudad de Cali #13-75', '6013456789', '3091234567', 'contacto88@empresa.com'),
(89, 'Centro Comercial Metrocentro', 'Neiva', 'Calle 8 #15-78', '6084567890', '3002345678', 'contacto89@empresa.com'),
(90, 'Centro Comercial Gran Plaza', 'Florencia', 'Carrera 9 #12-34', '6085678901', '3013456789', 'contacto90@empresa.com'),
(91, 'Mall Interplaza', 'Montería', 'Calle 15 #19-20', '6046789012', '3024567890', 'contacto91@empresa.com'),
(92, 'Centro Comercial Viva', 'Tunja', 'Carrera 10 #24-19', '6087890123', '3035678901', 'contacto92@empresa.com'),
(93, 'Plaza del Sol', 'Manizales', 'Calle 10 #11-22', '6068901234', '3046789012', 'contacto93@empresa.com'),
(94, 'Centro Comercial El Cacique', 'Bucaramanga', 'Carrera 33 #47-51', '6079012345', '3057890123', 'contacto94@empresa.com'),
(95, 'Mall Caribe Plaza', 'Cartagena', 'Avenida Pedro de Heredia #26-35', '6050123456', '3068901234', 'contacto95@empresa.com'),
(96, 'Centro Comercial Paseo San Francisco', 'Popayán', 'Calle 3 #4-56', '6021234567', '3079012345', 'contacto96@empresa.com'),
(97, 'Plaza del Parque', 'Bucaramanga', 'Carrera 27 #35-45', '6072345678', '3080123456', 'contacto97@empresa.com'),
(98, 'Centro Comercial San Silvestre', 'Barrancabermeja', 'Calle 49 #19-12', '6073456789', '3091234567', 'contacto98@empresa.com'),
(99, 'Centro Comercial Panorama', 'Pasto', 'Avenida Colombia #8-44', '6024567890', '3002345678', 'contacto99@empresa.com'),
(100, 'Mall Villa Country', 'Barranquilla', 'Calle 79 #53-70', '6055678901', '3013456789', 'contacto100@empresa.com');

INSERT INTO tipo_vehiculo (id_tipo_vehiculo, tipo, valor_alquiler_dia, valor_alquiler_semana) VALUES
(1, 'Sedán', 30000.0, 180000.0),
(2, 'Hatchback', 28000.0, 168000.0),
(3, 'SUV', 50000.0, 300000.0),
(4, 'Camioneta', 60000.0, 360000.0),
(5, 'Coupé', 45000.0, 270000.0),
(6, 'Convertible', 75000.0, 450000.0),
(7, 'Pick-Up', 55000.0, 330000.0),
(8, 'Van', 65000.0, 390000.0),
(9, 'Microbús', 70000.0, 420000.0),
(10, 'Bus', 90000.0, 540000.0),
(11, 'Moto Scooter', 15000.0, 90000.0),
(12, 'Motocicleta', 20000.0, 120000.0),
(13, 'Bicicleta', 10000.0, 60000.0),
(14, 'Camión Pequeño', 80000.0, 480000.0),
(15, 'Camión Mediano', 100000.0, 600000.0),
(16, 'Camión Grande', 120000.0, 720000.0),
(17, 'Limusina', 100000.0, 600000.0),
(18, 'Furgoneta', 50000.0, 300000.0),
(19, 'Todoterreno', 85000.0, 510000.0),
(20, 'Minivan', 55000.0, 330000.0),
(21, 'Crossover', 52000.0, 312000.0),
(22, 'Roadster', 70000.0, 420000.0),
(23, 'Caravana', 95000.0, 570000.0),
(24, 'Autocaravana', 120000.0, 720000.0),
(25, 'Tractor', 150000.0, 900000.0),
(26, 'Cuatrimoto', 25000.0, 150000.0),
(27, 'Segway', 8000.0, 48000.0),
(28, 'Camión de Carga', 130000.0, 780000.0),
(29, 'Carro Eléctrico', 40000.0, 240000.0),
(30, 'Carro Híbrido', 35000.0, 210000.0),
(31, 'Carro Deportivo', 85000.0, 510000.0),
(32, 'Carro de Golf', 15000.0, 90000.0),
(33, 'Patineta Eléctrica', 5000.0, 30000.0),
(34, 'Triciclo Motorizado', 18000.0, 108000.0),
(35, 'Camión Volqueta', 140000.0, 840000.0),
(36, 'Camión Cisterna', 160000.0, 960000.0),
(37, 'Remolque', 70000.0, 420000.0),
(38, 'Camión Refrigerado', 145000.0, 870000.0),
(39, 'Carro Antiguo', 60000.0, 360000.0),
(40, 'Auto Clásico', 55000.0, 330000.0),
(41, 'Carro Compacto', 30000.0, 180000.0),
(42, 'Carro Subcompacto', 25000.0, 150000.0),
(43, 'Autobús de Lujo', 120000.0, 720000.0),
(44, 'Buseta', 70000.0, 420000.0),
(45, 'Camión Plataforma', 130000.0, 780000.0),
(46, 'Carro Fúnebre', 90000.0, 540000.0),
(47, 'Vehículo Blindado', 200000.0, 1200000.0),
(48, 'Camión Grúa', 150000.0, 900000.0),
(49, 'Buggy', 40000.0, 240000.0),
(50, 'Dumper', 180000.0, 1080000.0),
(51, 'Camión Hormigonera', 170000.0, 1020000.0),
(52, 'Vehículo Oruga', 250000.0, 1500000.0),
(53, 'Mototaxi', 12000.0, 72000.0),
(54, 'Autobús Escolar', 80000.0, 480000.0),
(55, 'Tractor de Oruga', 200000.0, 1200000.0),
(56, 'Vehículo de Emergencia', 110000.0, 660000.0),
(57, 'Transporte Blindado', 175000.0, 1050000.0),
(58, 'Remolque de Caballos', 60000.0, 360000.0),
(59, 'Moto Acuática', 30000.0, 180000.0),
(60, 'Coche de Batería', 28000.0, 168000.0),
(61, 'Carro de Carga', 130000.0, 780000.0),
(62, 'Vehículo de Aventura', 75000.0, 450000.0),
(63, 'Triciclo Eléctrico', 22000.0, 132000.0),
(64, 'Coche para Niños', 5000.0, 30000.0),
(65, 'Motocross', 35000.0, 210000.0),
(66, 'Carro de Alta Gama', 150000.0, 900000.0),
(67, 'SUV Compacto', 40000.0, 240000.0),
(68, 'Sedán Ejecutivo', 60000.0, 360000.0),
(69, 'Camión de Pasajeros', 95000.0, 570000.0),
(70, 'Vehículo de Playa', 45000.0, 270000.0),
(71, 'Pick-Up Compacta', 55000.0, 330000.0),
(72, 'Bicicleta Eléctrica', 18000.0, 108000.0),
(73, 'Vehículo para Camping', 70000.0, 420000.0),
(74, 'Motocarro', 25000.0, 150000.0),
(75, 'Autocaravana de Lujo', 200000.0, 1200000.0),
(76, 'Carro Furgón', 90000.0, 540000.0),
(77, 'Carro Todoterreno', 85000.0, 510000.0),
(78, 'Carro de Exhibición', 60000.0, 360000.0),
(79, 'Camioneta Deportiva', 70000.0, 420000.0),
(80, 'Moto Triciclo', 22000.0, 132000.0),
(81, 'Camión de Basura', 140000.0, 840000.0),
(82, 'Carro Solar', 45000.0, 270000.0),
(83, 'Camión de Alimentos', 120000.0, 720000.0),
(84, 'Carro Turístico', 75000.0, 450000.0),
(85, 'Carro de Eventos', 65000.0, 390000.0),
(86, 'Minibús Ejecutivo', 90000.0, 540000.0),
(87, 'Tractor Agrícola', 130000.0, 780000.0),
(88, 'Camión Liviano', 80000.0, 480000.0),
(89, 'Coche Fúnebre de Lujo', 100000.0, 600000.0),
(90, 'Moto Cross', 25000.0, 150000.0),
(91, 'Coche Familiar', 35000.0, 210000.0),
(92, 'Moto para Delivery', 20000.0, 120000.0),
(93, 'Pick-Up Doble Cabina', 70000.0, 420000.0),
(94, 'Coche de Reparto', 45000.0, 270000.0),
(95, 'SUV de 7 plazas', 90000.0, 540000.0),
(96, 'Camión de mudanza', 110000.0, 660000.0),
(97, 'Motocicleta deportiva', 30000.0, 180000.0),
(98, 'Carro eléctrico de lujo', 150000.0, 900000.0),
(99, 'Carro autónomo', 120000.0, 720000.0),
(100, 'Coche de carreras', 250000.0, 1500000.0);

INSERT INTO vehiculos (id_vehiculo, id_tipo_vehiculo, id_sucursal, placa, referencia, modelo, puertas, capacidad, sunroof, motor, color) VALUES
(1, 1, 1, 'ABC123', 'Sedán Toyota Corolla', '2020', 4, 5, TRUE, '1.8L', 'Blanco'),
(2, 2, 2, 'XYZ456', 'Hatchback Ford Fiesta', '2021', 5, 5, FALSE, '1.6L', 'Rojo'),
(3, 3, 3, 'LMN789', 'SUV Hyundai Tucson', '2022', 5, 7, TRUE, '2.0L', 'Azul'),
(4, 4, 4, 'JKL012', 'Camioneta Nissan Frontier', '2020', 4, 5, FALSE, '2.5L', 'Negro'),
(5, 5, 5, 'DEF345', 'Coupé BMW Series 4', '2021', 2, 4, TRUE, '3.0L', 'Gris'),
(6, 6, 6, 'GHI678', 'Convertible Audi A3', '2020', 2, 4, TRUE, '2.0L', 'Blanco'),
(7, 7, 7, 'PQR901', 'Pick-Up Chevrolet Silverado', '2022', 4, 5, FALSE, '3.5L', 'Rojo'),
(8, 8, 8, 'STU234', 'Van Mercedes-Benz Metris', '2021', 5, 7, FALSE, '2.5L', 'Negro'),
(9, 9, 9, 'VWX567', 'Microbús Ford Transit', '2022', 10, 16, FALSE, '3.5L', 'Azul'),
(10, 10, 10, 'YZC890', 'Bus Volvo B8R', '2020', 40, 45, FALSE, '6.0L', 'Verde'),
(11, 11, 1, 'HJK234', 'Moto Scooter Vespa', '2021', 0, 2, FALSE, '150cc', 'Amarillo'),
(12, 12, 2, 'IJK567', 'Motocicleta Honda CB500', '2020', 0, 2, TRUE, '500cc', 'Rojo'),
(13, 13, 3, 'LPO890', 'Bicicleta Trek', '2022', 0, 1, FALSE, 'N/A', 'Negro'),
(14, 14, 4, 'MNO123', 'Camión Pequeño Toyota Hino', '2021', 2, 2, FALSE, '3.0L', 'Blanco'),
(15, 15, 5, 'PQW456', 'Camión Mediano Ford F750', '2022', 2, 2, FALSE, '6.0L', 'Gris'),
(16, 16, 6, 'RST789', 'Camión Grande Mercedes Actros', '2021', 2, 2, FALSE, '8.0L', 'Negro'),
(17, 17, 7, 'UVW012', 'Limusina Chrysler 300', '2020', 4, 8, TRUE, '3.6L', 'Blanco'),
(18, 18, 8, 'XYZ345', 'Furgoneta Ford Transit Connect', '2022', 5, 6, FALSE, '2.0L', 'Gris'),
(19, 19, 9, 'OPQ678', 'Todoterreno Jeep Wrangler', '2021', 4, 5, TRUE, '3.6L', 'Negro'),
(20, 20, 10, 'STU901', 'Minivan Toyota Sienna', '2020', 5, 7, TRUE, '2.5L', 'Azul'),
(21, 21, 1, 'ACD234', 'Crossover Nissan X-Trail', '2021', 5, 5, TRUE, '2.5L', 'Rojo'),
(22, 22, 2, 'BCF567', 'Roadster Porsche 911', '2020', 2, 2, TRUE, '3.8L', 'Negro'),
(23, 23, 3, 'DEF890', 'Caravana Jayco', '2022', 0, 6, FALSE, 'N/A', 'Blanco'),
(24, 24, 4, 'GHI123', 'Autocaravana Winnebago', '2021', 4, 6, TRUE, '6.0L', 'Gris'),
(25, 25, 5, 'JKL456', 'Tractor John Deere', '2020', 2, 2, FALSE, '5.0L', 'Verde'),
(26, 26, 6, 'LMN789', 'Cuatrimoto Honda TRX', '2021', 0, 1, FALSE, '250cc', 'Amarillo'),
(27, 27, 7, 'NOP012', 'Segway Ninebot', '2022', 0, 1, FALSE, 'N/A', 'Negro'),
(28, 28, 8, 'QRS345', 'Camión de Carga Toyota', '2020', 2, 3, FALSE, '4.0L', 'Blanco'),
(29, 29, 9, 'TUV678', 'Carro Eléctrico Tesla Model 3', '2022', 4, 5, TRUE, 'Electric', 'Azul'),
(30, 30, 10, 'WXY901', 'Carro Híbrido Toyota Prius', '2021', 4, 5, TRUE, '1.8L', 'Verde'),
(31, 31, 1, 'ZAB234', 'Carro Deportivo Chevrolet Corvette', '2020', 2, 2, TRUE, '6.2L', 'Rojo'),
(32, 32, 2, 'BCD567', 'Carro de Golf Volkswagen Golf', '2021', 4, 4, FALSE, '1.4L', 'Blanco'),
(33, 33, 3, 'EFG890', 'Patineta Eléctrica Razor', '2020', 0, 1, FALSE, 'N/A', 'Rojo'),
(34, 34, 4, 'HIJ123', 'Triciclo Motorizado Piaggio', '2021', 0, 1, FALSE, '125cc', 'Verde'),
(35, 35, 5, 'KLM456', 'Camión Volqueta Volvo', '2022', 2, 2, FALSE, '6.0L', 'Amarillo'),
(36, 36, 6, 'NOP789', 'Camión Cisterna Scania', '2020', 2, 3, FALSE, '8.0L', 'Rojo'),
(37, 37, 7, 'QRS012', 'Remolque de Caballos', '2022', 0, 2, FALSE, 'N/A', 'Blanco'),
(38, 38, 8, 'TUV345', 'Camión Refrigerado Thermo King', '2021', 2, 3, FALSE, '7.0L', 'Negro'),
(39, 39, 9, 'WXY678', 'Carro Antiguo Ford Mustang', '2020', 2, 4, TRUE, '4.0L', 'Verde'),
(40, 40, 10, 'YZA901', 'Auto Clásico Chevrolet Bel Air', '2021', 2, 4, TRUE, '4.0L', 'Azul'),
(41, 41, 1, 'BCD234', 'Carro Compacto Nissan Versa', '2020', 4, 5, FALSE, '1.6L', 'Blanco'),
(42, 42, 2, 'EFG567', 'Carro Subcompacto Kia Rio', '2021', 4, 5, FALSE, '1.4L', 'Rojo'),
(43, 43, 3, 'HIJ890', 'Autobús de Lujo Mercedes-Benz', '2022', 40, 45, FALSE, '6.0L', 'Negro'),
(44, 44, 4, 'KLM123', 'Buseta Ford Transit', '2021', 16, 18, FALSE, '3.5L', 'Gris'),
(45, 45, 5, 'MNO456', 'Camión Plataforma Kenworth', '2020', 2, 3, FALSE, '7.0L', 'Blanco'),
(46, 46, 6, 'PQR789', 'Carro Fúnebre Cadillac', '2021', 4, 6, TRUE, '4.5L', 'Negro'),
(47, 47, 7, 'STU012', 'Motocicleta Harley Davidson', '2022', 0, 2, TRUE, '1.5L', 'Verde'),
(48, 48, 8, 'VWX345', 'Carro Pickup Toyota Tacoma', '2021', 4, 5, FALSE, '3.5L', 'Azul'),
(49, 49, 9, 'YZA678', 'Camión Transporte de Animales', '2022', 2, 3, FALSE, '5.0L', 'Amarillo'),
(50, 50, 10, 'ZAB901', 'Camión Transportador de Vehículos', '2021', 2, 4, FALSE, '6.0L', 'Rojo'),
(51, 51, 1, 'ABC234', 'Camioneta SUV Toyota RAV4', '2020', 5, 7, TRUE, '2.5L', 'Negro'),
(52, 52, 2, 'DEF567', 'Sedán Honda Accord', '2021', 4, 5, TRUE, '2.4L', 'Blanco'),
(53, 53, 3, 'GHI890', 'Carro Eléctrico Nissan Leaf', '2020', 4, 5, TRUE, 'Electric', 'Gris'),
(54, 54, 4, 'JKL123', 'SUV Mazda CX-5', '2021', 5, 5, TRUE, '2.5L', 'Rojo'),
(55, 55, 5, 'MNO456', 'Sedán Kia Optima', '2020', 4, 5, TRUE, '2.4L', 'Verde'),
(56, 56, 6, 'PQR789', 'Carro Deportivo Ferrari 488', '2021', 2, 2, TRUE, '3.9L', 'Amarillo'),
(57, 57, 7, 'STU012', 'Coupé Mercedes-Benz E-Class', '2020', 2, 2, TRUE, '3.0L', 'Negro'),
(58, 58, 8, 'VWX345', 'Sedán Toyota Camry', '2022', 4, 5, TRUE, '2.5L', 'Blanco'),
(59, 59, 9, 'XYZ678', 'SUV Land Rover Defender', '2021', 5, 7, TRUE, '3.0L', 'Azul'),
(60, 60, 10, 'ABC901', 'Crossover Jeep Grand Cherokee', '2020', 5, 7, TRUE, '3.6L', 'Gris'),
(61, 61, 1, 'DEF234', 'Camión de Carga Freightliner', '2021', 2, 2, FALSE, '6.5L', 'Verde'),
(62, 62, 2, 'GHI567', 'Carro SUV Honda CR-V', '2020', 5, 5, TRUE, '2.4L', 'Negro'),
(63, 63, 3, 'JKL890', 'Furgoneta Renault Kangoo', '2022', 4, 6, FALSE, '2.0L', 'Rojo'),
(64, 64, 4, 'LMN123', 'Camioneta Toyota Hilux', '2021', 4, 5, TRUE, '2.8L', 'Azul'),
(65, 65, 5, 'MNO456', 'SUV Ford Expedition', '2022', 5, 7, TRUE, '3.5L', 'Blanco'),
(66, 66, 6, 'PQR789', 'Pick-up RAM 1500', '2021', 4, 5, FALSE, '5.7L', 'Verde'),
(67, 67, 7, 'STU012', 'Minivan Honda Odyssey', '2022', 5, 7, TRUE, '3.5L', 'Negro'),
(68, 68, 8, 'VWX345', 'Camión Hino 700', '2020', 2, 3, FALSE, '6.0L', 'Blanco'),
(69, 69, 9, 'YZC678', 'Autobús Escolar Blue Bird', '2021', 25, 30, FALSE, '5.0L', 'Rojo'),
(70, 70, 10, 'ZAB901', 'Carro Clásico Chevrolet Camaro', '2022', 2, 4, TRUE, '5.0L', 'Gris'),
(71, 71, 1, 'LMN234', 'Carro Deportivo Lamborghini', '2020', 2, 2, TRUE, '6.5L', 'Negro'),
(72, 72, 2, 'OPQ567', 'Sedán Toyota Yaris', '2021', 4, 5, FALSE, '1.5L', 'Blanco'),
(73, 73, 3, 'RST890', 'SUV Nissan Pathfinder', '2022', 5, 7, TRUE, '3.5L', 'Rojo'),
(74, 74, 4, 'TUV123', 'Camión Ford F-350', '2021', 2, 3, FALSE, '6.7L', 'Azul'),
(75, 75, 5, 'WXY456', 'Camión Plataforma Isuzu', '2020', 2, 3, FALSE, '7.0L', 'Blanco'),
(76, 76, 6, 'ZAB789', 'Carro Compacto Kia Forte', '2021', 4, 5, TRUE, '2.0L', 'Gris'),
(77, 77, 7, 'BCD012', 'Motocicleta Ducati Panigale', '2022', 0, 2, TRUE, '1.0L', 'Rojo'),
(78, 78, 8, 'EFG345', 'Coche Autónomo Tesla Model S', '2020', 4, 5, TRUE, 'Electric', 'Negro'),
(79, 79, 9, 'GHI678', 'SUV Mercedes-Benz G-Class', '2021', 5, 7, TRUE, '4.0L', 'Blanco'),
(80, 80, 10, 'JKL901', 'Camión Scania R-Series', '2022', 2, 3, FALSE, '6.5L', 'Rojo'),
(81, 81, 1, 'MNO234', 'Furgoneta Volkswagen Multivan', '2021', 5, 6, FALSE, '2.5L', 'Negro'),
(82, 82, 2, 'PQR567', 'Motocicleta Yamaha YZF', '2020', 0, 2, FALSE, '600cc', 'Azul'),
(83, 83, 3, 'RST890', 'Carro Eléctrico BMW i3', '2022', 4, 5, TRUE, 'Electric', 'Verde'),
(84, 84, 4, 'TUV123', 'Camión Volvo FH16', '2021', 2, 3, FALSE, '7.5L', 'Azul'),
(85, 85, 5, 'WXY456', 'SUV Jeep Cherokee', '2022', 5, 7, TRUE, '3.6L', 'Blanco'),
(86, 86, 6, 'ZAB789', 'Carro De lujo Audi A8', '2020', 4, 5, TRUE, '3.0L', 'Rojo'),
(87, 87, 7, 'BCD012', 'Camioneta Honda Ridgeline', '2022', 5, 6, FALSE, '3.5L', 'Negro'),
(88, 88, 8, 'EFG345', 'Camión Renault Premium', '2021', 2, 3, FALSE, '6.0L', 'Blanco'),
(89, 89, 9, 'GHI678', 'Carro BMW M3', '2020', 2, 2, TRUE, '3.0L', 'Gris'),
(90, 90, 10, 'JKL901', 'Pick-up Dodge Ram 1500', '2021', 4, 5, FALSE, '5.7L', 'Rojo'),
(91, 91, 1, 'MNO234', 'Camión de Carga Mack', '2022', 2, 3, FALSE, '8.0L', 'Negro'),
(92, 92, 2, 'PQR567', 'SUV Kia Sorento', '2020', 5, 7, TRUE, '3.3L', 'Azul'),
(93, 93, 3, 'RST890', 'Camión Ford Lobo', '2021', 2, 2, FALSE, '6.0L', 'Rojo'),
(94, 94, 4, 'TUV123', 'Crossover Hyundai Santa Fe', '2022', 5, 7, TRUE, '3.3L', 'Blanco'),
(95, 95, 5, 'WXY456', 'Motocicleta Kawasaki Ninja', '2020', 0, 2, TRUE, '1.2L', 'Verde'),
(96, 96, 6, 'ZAB789', 'Camión Scania P-Series', '2021', 2, 3, FALSE, '7.0L', 'Negro'),
(97, 97, 7, 'BCD012', 'Carro Ford Mustang', '2022', 2, 2, TRUE, '5.0L', 'Azul'),
(98, 98, 8, 'EFG345', 'Pick-up Toyota Tundra', '2021', 4, 5, FALSE, '5.7L', 'Rojo'),
(99, 99, 9, 'GHI678', 'Carro Compacto Hyundai Elantra', '2020', 4, 5, TRUE, '2.0L', 'Blanco'),
(100, 100, 10, 'JKL901', 'Motocicleta Suzuki GSX', '2021', 0, 2, FALSE, '600cc', 'Negro');

INSERT INTO descuento (id_descuento, id_tipo_vehiculo, fecha_inicio, fecha_fin, porcentaje_descuento) VALUES
(1, 1, '2024-01-01', '2024-01-15', 10.0),
(2, 2, '2024-02-01', '2024-02-15', 15.0),
(3, 3, '2024-03-01', '2024-03-15', 20.0),
(4, 4, '2024-04-01', '2024-04-15', 25.0),
(5, 5, '2024-05-01', '2024-05-15', 30.0),
(6, 6, '2024-06-01', '2024-06-15', 35.0),
(7, 7, '2024-07-01', '2024-07-15', 40.0),
(8, 8, '2024-08-01', '2024-08-15', 45.0),
(9, 9, '2024-09-01', '2024-09-15', 50.0),
(10, 10, '2024-10-01', '2024-10-15', 55.0),
(11, 1, '2024-11-01', '2024-11-15', 10.0),
(12, 2, '2024-12-01', '2024-12-15', 15.0),
(13, 3, '2025-01-01', '2025-01-15', 20.0),
(14, 4, '2025-02-01', '2025-02-15', 25.0),
(15, 5, '2025-03-01', '2025-03-15', 30.0),
(16, 6, '2025-04-01', '2025-04-15', 35.0),
(17, 7, '2025-05-01', '2025-05-15', 40.0),
(18, 8, '2025-06-01', '2025-06-15', 45.0),
(19, 9, '2025-07-01', '2025-07-15', 50.0),
(20, 10, '2025-08-01', '2025-08-15', 55.0),
(21, 1, '2025-09-01', '2025-09-15', 10.0),
(22, 2, '2025-10-01', '2025-10-15', 15.0),
(23, 3, '2025-11-01', '2025-11-15', 20.0),
(24, 4, '2025-12-01', '2025-12-15', 25.0),
(25, 5, '2026-01-01', '2026-01-15', 30.0),
(26, 6, '2026-02-01', '2026-02-15', 35.0),
(27, 7, '2026-03-01', '2026-03-15', 40.0),
(28, 8, '2026-04-01', '2026-04-15', 45.0),
(29, 9, '2026-05-01', '2026-05-15', 50.0),
(30, 10, '2026-06-01', '2026-06-15', 55.0),
(31, 1, '2026-07-01', '2026-07-15', 10.0),
(32, 2, '2026-08-01', '2026-08-15', 15.0),
(33, 3, '2026-09-01', '2026-09-15', 20.0),
(34, 4, '2026-10-01', '2026-10-15', 25.0),
(35, 5, '2026-11-01', '2026-11-15', 30.0),
(36, 6, '2026-12-01', '2026-12-15', 35.0),
(37, 7, '2027-01-01', '2027-01-15', 40.0),
(38, 8, '2027-02-01', '2027-02-15', 45.0),
(39, 9, '2027-03-01', '2027-03-15', 50.0),
(40, 10, '2027-04-01', '2027-04-15', 55.0),
(41, 1, '2027-05-01', '2027-05-15', 10.0),
(42, 2, '2027-06-01', '2027-06-15', 15.0),
(43, 3, '2027-07-01', '2027-07-15', 20.0),
(44, 4, '2027-08-01', '2027-08-15', 25.0),
(45, 5, '2027-09-01', '2027-09-15', 30.0),
(46, 6, '2027-10-01', '2027-10-15', 35.0),
(47, 7, '2027-11-01', '2027-11-15', 40.0),
(48, 8, '2027-12-01', '2027-12-15', 45.0),
(49, 9, '2028-01-01', '2028-01-15', 50.0),
(50, 10, '2028-02-01', '2028-02-15', 55.0),
(51, 1, '2028-03-01', '2028-03-15', 10.0),
(52, 2, '2028-04-01', '2028-04-15', 15.0),
(53, 3, '2028-05-01', '2028-05-15', 20.0),
(54, 4, '2028-06-01', '2028-06-15', 25.0),
(55, 5, '2028-07-01', '2028-07-15', 30.0),
(56, 6, '2028-08-01', '2028-08-15', 35.0),
(57, 7, '2028-09-01', '2028-09-15', 40.0),
(58, 8, '2028-10-01', '2028-10-15', 45.0),
(59, 9, '2028-11-01', '2028-11-15', 50.0),
(60, 10, '2028-12-01', '2028-12-15', 55.0),
(61, 1, '2029-01-01', '2029-01-15', 10.0),
(62, 2, '2029-02-01', '2029-02-15', 15.0),
(63, 3, '2029-03-01', '2029-03-15', 20.0),
(64, 4, '2029-04-01', '2029-04-15', 25.0),
(65, 5, '2029-05-01', '2029-05-15', 30.0),
(66, 6, '2029-06-01', '2029-06-15', 35.0),
(67, 7, '2029-07-01', '2029-07-15', 40.0),
(68, 8, '2029-08-01', '2029-08-15', 45.0),
(69, 9, '2029-09-01', '2029-09-15', 50.0),
(70, 10, '2029-10-01', '2029-10-15', 55.0),
(71, 1, '2029-11-01', '2029-11-15', 10.0),
(72, 2, '2029-12-01', '2029-12-15', 15.0),
(73, 3, '2030-01-01', '2030-01-15', 20.0),
(74, 4, '2030-02-01', '2030-02-15', 25.0),
(75, 5, '2030-03-01', '2030-03-15', 30.0),
(76, 6, '2030-04-01', '2030-04-15', 35.0),
(77, 7, '2030-05-01', '2030-05-15', 40.0),
(78, 8, '2030-06-01', '2030-06-15', 45.0),
(79, 9, '2030-07-01', '2030-07-15', 50.0),
(80, 10, '2030-08-01', '2030-08-15', 55.0),
(81, 1, '2030-09-01', '2030-09-15', 10.0),
(82, 2, '2030-10-01', '2030-10-15', 15.0),
(83, 3, '2030-11-01', '2030-11-15', 20.0),
(84, 4, '2030-12-01', '2030-12-15', 25.0),
(85, 5, '2031-01-01', '2031-01-15', 30.0),
(86, 6, '2031-02-01', '2031-02-15', 35.0),
(87, 7, '2031-03-01', '2031-03-15', 40.0),
(88, 8, '2031-04-01', '2031-04-15', 45.0),
(89, 9, '2031-05-01', '2031-05-15', 50.0),
(90, 10, '2031-06-01', '2031-06-15', 55.0),
(91, 1, '2031-07-01', '2031-07-15', 10.0),
(92, 2, '2031-08-01', '2031-08-15', 15.0),
(93, 3, '2031-09-01', '2031-09-15', 20.0),
(94, 4, '2031-10-01', '2031-10-15', 25.0),
(95, 5, '2031-11-01', '2031-11-15', 30.0),
(96, 6, '2031-12-01', '2031-12-15', 35.0),
(97, 7, '2032-01-01', '2032-01-15', 40.0),
(98, 8, '2032-02-01', '2032-02-15', 45.0),
(99, 9, '2032-03-01', '2032-03-15', 50.0),
(100, 10, '2032-04-01', '2032-04-15', 55.0);

INSERT INTO clientes (id_cliente, cedula, nombre1, nombre2, apellido1, apellido2, ubicacion, ciudad, celular, correo_electronico) VALUES
(1, '1234567890', 'Juan', 'Carlos', 'Pérez', 'García', 'Calle 123', 'Bogotá', '3001234567', 'juan.perez@example.com'),
(2, '2345678901', 'Ana', 'María', 'López', 'Martínez', 'Carrera 45', 'Medellín', '3012345678', 'ana.lopez@example.com'),
(3, '3456789012', 'Pedro', 'Antonio', 'Gómez', 'Rodríguez', 'Avenida 12', 'Cali', '3023456789', 'pedro.gomez@example.com'),
(4, '4567890123', 'Marta', 'Isabel', 'Sánchez', 'Ramírez', 'Calle 78', 'Barranquilla', '3034567890', 'marta.sanchez@example.com'),
(5, '5678901234', 'Luis', 'Fernando', 'Fernández', 'Torres', 'Carrera 67', 'Cartagena', '3045678901', 'luis.fernandez@example.com'),
(6, '6789012345', 'Carolina', 'Del Pilar', 'Martínez', 'Gutiérrez', 'Avenida 32', 'Bucaramanga', '3056789012', 'carolina.martinez@example.com'),
(7, '7890123456', 'José', 'Luis', 'Ramírez', 'Serrano', 'Calle 21', 'Pereira', '3067890123', 'jose.ramirez@example.com'),
(8, '8901234567', 'Beatriz', 'Carmen', 'Hernández', 'Méndez', 'Carrera 44', 'Santa Marta', '3078901234', 'beatriz.hernandez@example.com'),
(9, '9012345678', 'Miguel', 'Ángel', 'Jiménez', 'Suárez', 'Avenida 56', 'Valledupar', '3089012345', 'miguel.jimenez@example.com'),
(10, '1123456789', 'Patricia', 'Luisa', 'Torres', 'Fuentes', 'Calle 89', 'Cúcuta', '3090123456', 'patricia.torres@example.com'),
(11, '1234567891', 'Carlos', 'Eduardo', 'Díaz', 'Hernández', 'Carrera 33', 'Villavicencio', '3101234567', 'carlos.diaz@example.com'),
(12, '2345678902', 'María', 'Fernanda', 'García', 'Vega', 'Avenida 14', 'Pasto', '3112345678', 'maria.garcia@example.com'),
(13, '3456789013', 'Antonio', 'Manuel', 'Pérez', 'Ruiz', 'Calle 50', 'Ibagué', '3123456789', 'antonio.perez@example.com'),
(14, '4567890124', 'Laura', 'Lucía', 'Ramírez', 'Bermúdez', 'Carrera 23', 'Neiva', '3134567890', 'laura.ramirez@example.com'),
(15, '5678901235', 'Eduardo', 'José', 'Mendoza', 'Salazar', 'Avenida 90', 'Armenia', '3145678901', 'eduardo.mendoza@example.com'),
(16, '6789012346', 'Sofía', 'Marina', 'Sánchez', 'Rodríguez', 'Calle 66', 'Manizales', '3156789012', 'sofia.sanchez@example.com'),
(17, '7890123457', 'Alejandro', 'Javier', 'Gómez', 'Torres', 'Carrera 22', 'Popayán', '3167890123', 'alejandro.gomez@example.com'),
(18, '8901234568', 'Paola', 'Verónica', 'Martínez', 'González', 'Avenida 44', 'Pereira', '3178901234', 'paola.martinez@example.com'),
(19, '9012345679', 'Raúl', 'Álvaro', 'Jiménez', 'López', 'Calle 11', 'Santa Marta', '3189012345', 'raul.jimenez@example.com'),
(20, '1123456790', 'Isabel', 'Ana', 'García', 'Vargas', 'Carrera 55', 'Cali', '3190123456', 'isabel.garcia@example.com'),
(21, '1234567892', 'Juliana', 'María', 'Serrano', 'Paredes', 'Avenida 77', 'Cartagena', '3201234567', 'juliana.serrano@example.com'),
(22, '2345678903', 'Fernando', 'Antonio', 'Torres', 'López', 'Calle 44', 'Medellín', '3212345678', 'fernando.torres@example.com'),
(23, '3456789014', 'Adriana', 'Cecilia', 'Ramírez', 'Muñoz', 'Carrera 12', 'Barranquilla', '3223456789', 'adriana.ramirez@example.com'),
(24, '4567890125', 'Raúl', 'Enrique', 'Gómez', 'Herrera', 'Avenida 33', 'Bucaramanga', '3234567890', 'raul.gomez@example.com'),
(25, '5678901236', 'Marcela', 'Del Carmen', 'Vega', 'Sánchez', 'Calle 12', 'Pasto', '3245678901', 'marcela.vega@example.com'),
(26, '6789012347', 'César', 'Alberto', 'Díaz', 'Moreno', 'Carrera 77', 'Cúcuta', '3256789012', 'cesar.diaz@example.com'),
(27, '7890123458', 'Lucía', 'Beatriz', 'Torres', 'Pérez', 'Avenida 88', 'Villavicencio', '3267890123', 'lucia.torres@example.com'),
(28, '8901234569', 'David', 'Ramón', 'Méndez', 'Fuentes', 'Calle 32', 'Ibagué', '3278901234', 'david.mendez@example.com'),
(29, '9012345680', 'Mónica', 'Sofía', 'Salazar', 'Hernández', 'Carrera 99', 'Neiva', '3289012345', 'monica.salazar@example.com'),
(30, '1123456791', 'Juan', 'Carlos', 'Mendoza', 'González', 'Avenida 12', 'Armenia', '3290123456', 'juan.mendoza@example.com'),
(31, '1234567893', 'Patricia', 'Luisa', 'Hernández', 'González', 'Calle 50', 'Manizales', '3301234567', 'patricia.hernandez@example.com'),
(32, '2345678904', 'Carlos', 'Fernando', 'Serrano', 'Méndez', 'Carrera 12', 'Popayán', '3312345678', 'carlos.serrano@example.com'),
(33, '3456789015', 'Beatriz', 'Sofía', 'Jiménez', 'Vega', 'Avenida 55', 'Cali', '3323456789', 'beatriz.jimenez@example.com'),
(34, '4567890126', 'José', 'Antonio', 'Ramírez', 'Bermúdez', 'Calle 66', 'Cartagena', '3334567890', 'jose.ramirez@example.com'),
(35, '5678901237', 'Adriana', 'Lucía', 'Torres', 'Suárez', 'Carrera 77', 'Medellín', '3345678901', 'adriana.torres@example.com'),
(36, '6789012348', 'José', 'Luis', 'Pérez', 'Salazar', 'Avenida 33', 'Barranquilla', '3356789012', 'jose.perez@example.com'),
(37, '7890123459', 'Lucía', 'María', 'Martínez', 'Vega', 'Calle 99', 'Bucaramanga', '3367890123', 'lucia.martinez@example.com'),
(38, '8901234570', 'Carlos', 'Eduardo', 'Gómez', 'Moreno', 'Carrera 12', 'Pasto', '3378901234', 'carlos.gomez@example.com'),
(39, '9012345681', 'Marta', 'Carmen', 'Ramírez', 'Suárez', 'Avenida 88', 'Cúcuta', '3389012345', 'marta.ramirez@example.com'),
(40, '1123456792', 'Pedro', 'José', 'Torres', 'López', 'Calle 77', 'Villavicencio', '3390123456', 'pedro.torres@example.com'),
(41, '1234567894', 'José', 'Carlos', 'Pérez', 'Hernández', 'Avenida 23', 'Ibagué', '3401234567', 'jose.perez@example.com'),
(42, '2345678905', 'María', 'José', 'Gómez', 'Rodríguez', 'Carrera 55', 'Neiva', '3412345678', 'maria.gomez@example.com'),
(43, '3456789016', 'Antonio', 'José', 'Jiménez', 'Muñoz', 'Calle 66', 'Cali', '3423456789', 'antonio.jimenez@example.com'),
(44, '4567890127', 'Marta', 'Lucía', 'González', 'Suárez', 'Carrera 77', 'Armenia', '3434567890', 'marta.gonzalez@example.com'),
(45, '5678901238', 'Alejandro', 'Carlos', 'Sánchez', 'Méndez', 'Calle 12', 'Manizales', '3445678901', 'alejandro.sanchez@example.com'),
(46, '6789012349', 'Patricia', 'Carmen', 'Salazar', 'Hernández', 'Carrera 55', 'Popayán', '3456789012', 'patricia.salazar@example.com'),
(47, '7890123460', 'José', 'Luis', 'Torres', 'Bermúdez', 'Avenida 99', 'Cúcuta', '3467890123', 'jose.torres@example.com'),
(48, '8901234571', 'Ana', 'Lucía', 'Méndez', 'Serrano', 'Calle 22', 'Bucaramanga', '3478901234', 'ana.mendez@example.com'),
(49, '9012345682', 'Raúl', 'Javier', 'Rodríguez', 'Fuentes', 'Avenida 11', 'Pasto', '3489012345', 'raul.rodriguez@example.com'),
(50, '1123456793', 'Isabel', 'María', 'Salazar', 'Méndez', 'Calle 55', 'Cali', '3490123456', 'isabel.salazar@example.com'),
(51, '1234567895', 'José', 'Eduardo', 'Vega', 'Paredes', 'Carrera 33', 'Villavicencio', '3501234567', 'jose.vega@example.com'),
(52, '2345678906', 'Mónica', 'Del Pilar', 'Gómez', 'Torres', 'Avenida 22', 'Cartagena', '3512345678', 'monica.gomez@example.com'),
(53, '3456789017', 'David', 'José', 'Jiménez', 'Rodríguez', 'Calle 12', 'Barranquilla', '3523456789', 'david.jimenez@example.com'),
(54, '4567890128', 'Sandra', 'Beatriz', 'Méndez', 'Salazar', 'Carrera 55', 'Ibagué', '3534567890', 'sandra.mendez@example.com'),
(55, '5678901239', 'Carlos', 'Luis', 'Sánchez', 'Bermúdez', 'Avenida 99', 'Popayán', '3545678901', 'carlos.sanchez@example.com'),
(56, '6789012350', 'Pedro', 'Antonio', 'Ramírez', 'Paredes', 'Calle 33', 'Pereira', '3556789012', 'pedro.ramirez@example.com'),
(57, '7890123461', 'María', 'Cecilia', 'González', 'Moreno', 'Avenida 22', 'Cúcuta', '3567890123', 'maria.gonzalez@example.com'),
(58, '8901234572', 'César', 'Eduardo', 'Torres', 'Suárez', 'Carrera 11', 'Bucaramanga', '3578901234', 'cesar.torres@example.com'),
(59, '9012345683', 'José', 'Carlos', 'Gómez', 'Herrera', 'Calle 44', 'Medellín', '3589012345', 'jose.gomez@example.com'),
(60, '1123456794', 'Andrea', 'María', 'Vega', 'Rodríguez', 'Carrera 22', 'Ibagué', '3590123456', 'andrea.vega@example.com'),
(61, '1234567896', 'Roberto', 'Antonio', 'Serrano', 'López', 'Calle 33', 'Cúcuta', '3601234567', 'roberto.serrano@example.com'),
(62, '2345678907', 'Lucía', 'María', 'Méndez', 'Martínez', 'Avenida 11', 'Cali', '3612345678', 'lucia.mendez@example.com'),
(63, '3456789018', 'Rafael', 'Álvaro', 'Gómez', 'Vega', 'Calle 77', 'Barranquilla', '3623456789', 'rafael.gomez@example.com'),
(64, '4567890129', 'José', 'Luis', 'Martínez', 'Salazar', 'Carrera 88', 'Cartagena', '3634567890', 'jose.martinez@example.com'),
(65, '5678901240', 'Juan', 'Carlos', 'Vega', 'Moreno', 'Avenida 55', 'Manizales', '3645678901', 'juan.vega@example.com'),
(66, '6789012351', 'Pedro', 'Fernando', 'González', 'Muñoz', 'Calle 22', 'Medellín', '3656789012', 'pedro.gonzalez@example.com'),
(67, '7890123462', 'Mónica', 'Beatriz', 'Rodríguez', 'Paredes', 'Carrera 33', 'Bucaramanga', '3667890123', 'monica.rodriguez@example.com'),
(68, '8901234573', 'David', 'José', 'Torres', 'Vega', 'Avenida 66', 'Pasto', '3678901234', 'david.torres@example.com'),
(69, '9012345684', 'María', 'Del Pilar', 'Suárez', 'Gómez', 'Carrera 12', 'Popayán', '3689012345', 'maria.suarez@example.com'),
(70, '1123456795', 'Carlos', 'Antonio', 'Hernández', 'Bermúdez', 'Calle 33', 'Neiva', '3690123456', 'carlos.hernandez@example.com'),
(71, '1234567897', 'José', 'Manuel', 'Pérez', 'Torres', 'Carrera 55', 'Villavicencio', '3701234567', 'jose.perez@example.com'),
(72, '2345678908', 'Adriana', 'Verónica', 'Torres', 'Méndez', 'Avenida 22', 'Bucaramanga', '3712345678', 'adriana.torres@example.com'),
(73, '3456789019', 'Patricia', 'Cecilia', 'Ramírez', 'Sánchez', 'Calle 55', 'Medellín', '3723456789', 'patricia.ramirez@example.com'),
(74, '4567890130', 'Carlos', 'Manuel', 'Vega', 'Moreno', 'Avenida 77', 'Ibagué', '3734567890', 'carlos.vega@example.com'),
(75, '5678901241', 'Lucía', 'María', 'Rodríguez', 'Torres', 'Carrera 33', 'Popayán', '3745678901', 'lucia.rodriguez@example.com'),
(76, '6789012352', 'David', 'Álvaro', 'Salazar', 'Gómez', 'Avenida 22', 'Barranquilla', '3756789012', 'david.salazar@example.com'),
(77, '7890123463', 'Mónica', 'Beatriz', 'Suárez', 'Vega', 'Calle 44', 'Cali', '3767890123', 'monica.suarez@example.com'),
(78, '8901234574', 'José', 'Carlos', 'Torres', 'Méndez', 'Carrera 77', 'Pasto', '3778901234', 'jose.torres@example.com'),
(79, '9012345685', 'Andrés', 'José', 'Gómez', 'Rodríguez', 'Avenida 11', 'Cúcuta', '3789012345', 'andres.gomez@example.com'),
(80, '1123456796', 'Raúl', 'Álvaro', 'Salazar', 'Martínez', 'Calle 66', 'Medellín', '3790123456', 'raul.salazar@example.com'),
(81, '1234567898', 'José', 'Luis', 'Martínez', 'Rodríguez', 'Carrera 22', 'Manizales', '3801234567', 'jose.martinez@example.com'),
(82, '2345678909', 'Sandra', 'Cecilia', 'Suárez', 'González', 'Calle 11', 'Ibagué', '3812345678', 'sandra.suarez@example.com'),
(83, '3456789020', 'Carlos', 'Luis', 'Hernández', 'Ramírez', 'Avenida 22', 'Neiva', '3823456789', 'carlos.hernandez@example.com'),
(84, '4567890131', 'Raúl', 'Fernando', 'Gómez', 'Muñoz', 'Calle 33', 'Pasto', '3834567890', 'raul.gomez@example.com'),
(85, '5678901242', 'Patricia', 'María', 'Vega', 'Suárez', 'Carrera 77', 'Bucaramanga', '3845678901', 'patricia.vega@example.com'),
(86, '6789012353', 'José', 'Carlos', 'Sánchez', 'Torres', 'Avenida 99', 'Cartagena', '3856789012', 'jose.sanchez@example.com'),
(87, '7890123464', 'Lucía', 'Cecilia', 'Ramírez', 'Gómez', 'Calle 11', 'Manizales', '3867890123', 'lucia.ramirez@example.com'),
(88, '8901234575', 'David', 'Antonio', 'Rodríguez', 'Martínez', 'Carrera 55', 'Cúcuta', '3878901234', 'david.rodriguez@example.com'),
(89, '9012345686', 'Mónica', 'Del Pilar', 'Hernández', 'Vega', 'Avenida 33', 'Armenia', '3889012345', 'monica.hernandez@example.com'),
(90, '1123456797', 'José', 'Antonio', 'Salazar', 'Suárez', 'Calle 99', 'Barranquilla', '3890123456', 'jose.salazar@example.com'),
(91, '1234567899', 'Patricia', 'Beatriz', 'Vega', 'Rodríguez', 'Carrera 33', 'Ibagué', '3901234567', 'patricia.vega@example.com'),
(92, '2345678910', 'Carlos', 'Eduardo', 'Torres', 'González', 'Avenida 77', 'Popayán', '3912345678', 'carlos.torres@example.com'),
(93, '3456789021', 'José', 'Luis', 'Ramírez', 'Martínez', 'Calle 22', 'Medellín', '3923456789', 'jose.ramirez@example.com'),
(94, '4567890132', 'Sandra', 'Cecilia', 'Sánchez', 'Suárez', 'Carrera 44', 'Manizales', '3934567890', 'sandra.sanchez@example.com'),
(95, '5678901243', 'Andrés', 'Carlos', 'Gómez', 'Hernández', 'Avenida 33', 'Neiva', '3945678901', 'andres.gomez@example.com'),
(96, '6789012354', 'Raúl', 'Fernando', 'Torres', 'Sánchez', 'Calle 11', 'Cali', '3956789012', 'raul.torres@example.com'),
(97, '7890123465', 'Mónica', 'Cecilia', 'Suárez', 'González', 'Carrera 55', 'Pasto', '3967890123', 'monica.suarez@example.com'),
(98, '8901234576', 'Carlos', 'José', 'Ramírez', 'Rodríguez', 'Avenida 99', 'Bucaramanga', '3978901234', 'carlos.ramirez@example.com'),
(99, '9012345687', 'Lucía', 'Beatriz', 'Hernández', 'Martínez', 'Calle 22', 'Ibagué', '3989012345', 'lucia.hernandez@example.com'),
(100, '1123456798', 'José', 'Antonio', 'Torres', 'Sánchez', 'Carrera 66', 'Neiva', '3990123456', 'jose.torres@example.com');

INSERT INTO empleados (id_empleado, Id_sucursal, cedula, nombre1, nombre2, apellido1, apellido2, ubicacion, ciudad, celular, correo_electronico) 
VALUES 
(1, 1, '1234567890', 'Juan', 'Carlos', 'Gómez', 'Torres', 'Calle 10', 'Bogotá', '3101234567', 'juan.gomez@example.com'),
(2, 1, '2345678901', 'Ana', 'María', 'Pérez', 'Martínez', 'Calle 20', 'Medellín', '3112345678', 'ana.perez@example.com'),
(3, 2, '3456789012', 'Carlos', 'Eduardo', 'Rodríguez', 'López', 'Carrera 5', 'Cali', '3123456789', 'carlos.rodriguez@example.com'),
(4, 2, '4567890123', 'Marta', 'Lucía', 'Sánchez', 'González', 'Avenida 30', 'Cartagena', '3134567890', 'marta.sanchez@example.com'),
(5, 3, '5678901234', 'José', 'Antonio', 'Jiménez', 'Hernández', 'Calle 15', 'Barranquilla', '3145678901', 'jose.jimenez@example.com'),
(6, 3, '6789012345', 'Patricia', 'Beatriz', 'Vega', 'Ramírez', 'Carrera 8', 'Bucaramanga', '3156789012', 'patricia.vega@example.com'),
(7, 4, '7890123456', 'David', 'Eduardo', 'Salazar', 'Martínez', 'Avenida 22', 'Pasto', '3167890123', 'david.salazar@example.com'),
(8, 4, '8901234567', 'Lucía', 'Cecilia', 'Torres', 'Gómez', 'Calle 44', 'Pereira', '3178901234', 'lucia.torres@example.com'),
(9, 5, '9012345678', 'Sofía', 'María', 'Méndez', 'Muñoz', 'Calle 11', 'Ibagué', '3189012345', 'sofia.mendez@example.com'),
(10, 5, '1123456789', 'Luis', 'Fernando', 'Serrano', 'Córdova', 'Avenida 12', 'Villavicencio', '3190123456', 'luis.serrano@example.com'),
(11, 6, '2234567890', 'Carlos', 'Javier', 'Hernández', 'Suárez', 'Calle 18', 'Cúcuta', '3201234567', 'carlos.hernandez@example.com'),
(12, 6, '3345678901', 'María', 'José', 'González', 'Paredes', 'Carrera 3', 'Neiva', '3212345678', 'maria.gonzalez@example.com'),
(13, 7, '4456789012', 'José', 'Manuel', 'Rodríguez', 'Vega', 'Calle 30', 'Popayán', '3223456789', 'jose.rodriguez@example.com'),
(14, 7, '5567890123', 'Adriana', 'Verónica', 'Ramírez', 'González', 'Carrera 7', 'Manizales', '3234567890', 'adriana.ramirez@example.com'),
(15, 8, '6678901234', 'Sandra', 'Cecilia', 'Vega', 'Torres', 'Avenida 25', 'Medellín', '3245678901', 'sandra.vega@example.com'),
(16, 8, '7789012345', 'Pedro', 'Antonio', 'Martínez', 'Suárez', 'Calle 9', 'Bucaramanga', '3256789012', 'pedro.martinez@example.com'),
(17, 9, '8890123456', 'Rafael', 'Luis', 'Torres', 'Méndez', 'Carrera 12', 'Cali', '3267890123', 'rafael.torres@example.com'),
(18, 9, '9901234567', 'María', 'Cecilia', 'Salazar', 'Hernández', 'Avenida 35', 'Ibagué', '3278901234', 'maria.salazar@example.com'),
(19, 10, '1123456790', 'Carlos', 'Antonio', 'Vega', 'Rodríguez', 'Calle 6', 'Cúcuta', '3289012345', 'carlos.vega@example.com'),
(20, 10, '2234567901', 'José', 'Carlos', 'Martínez', 'Muñoz', 'Carrera 21', 'Barranquilla', '3290123456', 'jose.martinez@example.com'),
(21, 11, '3345678912', 'Sofía', 'Beatriz', 'González', 'Serrano', 'Calle 14', 'Medellín', '3301234567', 'sofia.gonzalez@example.com'),
(22, 11, '4456789023', 'Luis', 'Alberto', 'Hernández', 'Paredes', 'Avenida 33', 'Cartagena', '3312345678', 'luis.hernandez@example.com'),
(23, 12, '5567890134', 'Ana', 'Lucía', 'Sánchez', 'Gómez', 'Carrera 17', 'Neiva', '3323456789', 'ana.sanchez@example.com'),
(24, 12, '6678901245', 'David', 'José', 'Torres', 'López', 'Calle 12', 'Pasto', '3334567890', 'david.torres@example.com'),
(25, 13, '7789012356', 'Raúl', 'José', 'Ramírez', 'Muñoz', 'Carrera 15', 'Popayán', '3345678901', 'raul.ramirez@example.com'),
(26, 13, '8890123467', 'María', 'Cecilia', 'Hernández', 'Serrano', 'Calle 19', 'Villavicencio', '3356789012', 'maria.hernandez@example.com'),
(27, 14, '9901234578', 'Patricia', 'María', 'Salazar', 'Vega', 'Avenida 25', 'Manizales', '3367890123', 'patricia.salazar@example.com'),
(28, 14, '1123456801', 'José', 'Luis', 'Torres', 'Rodríguez', 'Calle 30', 'Cúcuta', '3378901234', 'jose.torres@example.com'),
(29, 15, '2234567912', 'Lucía', 'José', 'Sánchez', 'González', 'Carrera 5', 'Medellín', '3389012345', 'lucia.sanchez@example.com'),
(30, 15, '3345678923', 'Carlos', 'Luis', 'Vega', 'Martínez', 'Avenida 44', 'Cali', '3390123456', 'carlos.vega@example.com'),
(31, 16, '4456789034', 'José', 'Manuel', 'González', 'Suárez', 'Calle 13', 'Ibagué', '3401234567', 'jose.gonzalez@example.com'),
(32, 16, '5567890145', 'Mónica', 'Beatriz', 'Hernández', 'Torres', 'Carrera 21', 'Cartagena', '3412345678', 'monica.hernandez@example.com'),
(33, 17, '6678901256', 'Raúl', 'Carlos', 'Ramírez', 'González', 'Avenida 18', 'Pereira', '3423456789', 'raul.ramirez@example.com'),
(34, 17, '7789012367', 'José', 'Luis', 'Martínez', 'Rodríguez', 'Calle 8', 'Barranquilla', '3434567890', 'jose.martinez@example.com'),
(35, 18, '8890123478', 'Patricia', 'José', 'González', 'Suárez', 'Carrera 9', 'Popayán', '3445678901', 'patricia.gonzalez@example.com'),
(36, 18, '9901234589', 'Lucía', 'María', 'Salazar', 'Ramírez', 'Calle 17', 'Pasto', '3456789012', 'lucia.salazar@example.com'),
(37, 19, '1123456812', 'Carlos', 'José', 'Sánchez', 'Vega', 'Carrera 24', 'Medellín', '3467890123', 'carlos.sanchez@example.com'),
(38, 19, '2234567923', 'Mónica', 'Lucía', 'Torres', 'Hernández', 'Avenida 20', 'Pereira', '3478901234', 'monica.torres@example.com'),
(39, 20, '3345678934', 'José', 'Eduardo', 'Martínez', 'Suárez', 'Calle 6', 'Cúcuta', '3489012345', 'jose.martinez@example.com'),
(40, 20, '4456789045', 'Patricia', 'Cecilia', 'González', 'Muñoz', 'Carrera 19', 'Cali', '3490123456', 'patricia.gonzalez@example.com'),
(41, 21, '5567890156', 'Carlos', 'Fernando', 'Vega', 'Rodríguez', 'Avenida 33', 'Bucaramanga', '3501234567', 'carlos.vega@example.com'),
(42, 21, '6678901267', 'Luis', 'José', 'Sánchez', 'Ramírez', 'Calle 12', 'Medellín', '3512345678', 'luis.sanchez@example.com'),
(43, 22, '7789012378', 'Patricia', 'Beatriz', 'Hernández', 'Suárez', 'Carrera 11', 'Popayán', '3523456789', 'patricia.hernandez@example.com'),
(44, 22, '8890123489', 'Carlos', 'Luis', 'González', 'Martínez', 'Calle 24', 'Ibagué', '3534567890', 'carlos.gonzalez@example.com'),
(45, 23, '9901234590', 'José', 'Carlos', 'Salazar', 'Ramírez', 'Carrera 14', 'Cartagena', '3545678901', 'jose.salazar@example.com'),
(46, 23, '1123456823', 'Raúl', 'Fernando', 'Sánchez', 'Rodríguez', 'Avenida 6', 'Cali', '3556789012', 'raul.sanchez@example.com'),
(47, 24, '2234567934', 'Luis', 'Eduardo', 'Torres', 'Vega', 'Calle 16', 'Neiva', '3567890123', 'luis.torres@example.com'),
(48, 24, '3345678945', 'Mónica', 'María', 'Ramírez', 'Hernández', 'Carrera 20', 'Manizales', '3578901234', 'monica.ramirez@example.com'),
(49, 25, '4456789056', 'Carlos', 'José', 'Hernández', 'Suárez', 'Avenida 13', 'Barranquilla', '3589012345', 'carlos.hernandez@example.com'),
(50, 25, '5567890167', 'Lucía', 'Cecilia', 'Salazar', 'Vega', 'Calle 10', 'Bucaramanga', '3590123456', 'lucia.salazar@example.com'),
(51, 26, '6678901278', 'Carlos', 'Manuel', 'González', 'Ramírez', 'Avenida 18', 'Popayán', '3601234567', 'carlos.gonzalez@example.com'),
(52, 26, '7789012389', 'Patricia', 'María', 'Martínez', 'Vega', 'Calle 22', 'Pasto', '3612345678', 'patricia.martinez@example.com'),
(53, 27, '8890123490', 'José', 'Antonio', 'Salazar', 'Hernández', 'Carrera 12', 'Medellín', '3623456789', 'jose.salazar@example.com'),
(54, 27, '9901234601', 'Mónica', 'Beatriz', 'Vega', 'Rodríguez', 'Avenida 5', 'Villavicencio', '3634567890', 'monica.vega@example.com'),
(55, 28, '1123456834', 'Raúl', 'Carlos', 'Hernández', 'Suárez', 'Carrera 15', 'Cartagena', '3645678901', 'raul.hernandez@example.com'),
(56, 28, '2234567945', 'Carlos', 'José', 'Torres', 'Ramírez', 'Calle 3', 'Cúcuta', '3656789012', 'carlos.torres@example.com'),
(57, 29, '3345678956', 'Luis', 'Fernando', 'González', 'Vega', 'Avenida 30', 'Manizales', '3667890123', 'luis.gonzalez@example.com'),
(58, 29, '4456789067', 'Patricia', 'Lucía', 'Ramírez', 'Muñoz', 'Carrera 7', 'Neiva', '3678901234', 'patricia.ramirez@example.com'),
(59, 30, '5567890178', 'José', 'Eduardo', 'Martínez', 'Rodríguez', 'Calle 25', 'Bucaramanga', '3689012345', 'jose.martinez@example.com'),
(60, 30, '6678901289', 'Raúl', 'Manuel', 'Vega', 'Hernández', 'Avenida 14', 'Popayán', '3690123456', 'raul.vega@example.com'),
(61, 31, '7789012390', 'Mónica', 'Cecilia', 'González', 'Serrano', 'Calle 5', 'Barranquilla', '3701234567', 'monica.gonzalez@example.com'),
(62, 31, '8890123501', 'Carlos', 'Alberto', 'Ramírez', 'Vega', 'Carrera 3', 'Cali', '3712345678', 'carlos.ramirez@example.com'),
(63, 32, '9901234612', 'José', 'Manuel', 'Salazar', 'Hernández', 'Calle 19', 'Cartagena', '3723456789', 'jose.salazar@example.com'),
(64, 32, '1123456845', 'Patricia', 'José', 'Martínez', 'Rodríguez', 'Avenida 11', 'Ibagué', '3734567890', 'patricia.martinez@example.com'),
(65, 33, '2234567956', 'Carlos', 'Antonio', 'Torres', 'Muñoz', 'Calle 8', 'Bucaramanga', '3745678901', 'carlos.torres@example.com'),
(66, 33, '3345678967', 'Mónica', 'María', 'Salazar', 'Rodríguez', 'Carrera 12', 'Medellín', '3756789012', 'monica.salazar@example.com'),
(67, 34, '4456789078', 'Raúl', 'Eduardo', 'Martínez', 'Vega', 'Avenida 7', 'Popayán', '3767890123', 'raul.martinez@example.com'),
(68, 34, '5567890189', 'José', 'Luis', 'Hernández', 'González', 'Calle 9', 'Neiva', '3778901234', 'jose.hernandez@example.com'),
(69, 35, '6678901300', 'Patricia', 'Alba', 'Salazar', 'Serrano', 'Carrera 6', 'Pasto', '3789012345', 'patricia.salazar@example.com'),
(70, 35, '7789012401', 'Carlos', 'Javier', 'Vega', 'Martínez', 'Avenida 21', 'Medellín', '3790123456', 'carlos.vega@example.com'),
(71, 36, '8890123512', 'José', 'Carlos', 'Ramírez', 'Vega', 'Calle 14', 'Cartagena', '3801234567', 'jose.ramirez@example.com'),
(72, 36, '9901234623', 'Mónica', 'Lucía', 'Torres', 'Muñoz', 'Carrera 10', 'Cali', '3812345678', 'monica.torres@example.com'),
(73, 37, '1123456856', 'Raúl', 'Carlos', 'Martínez', 'Ramírez', 'Avenida 18', 'Ibagué', '3823456789', 'raul.martinez@example.com'),
(74, 37, '2234567967', 'Carlos', 'Eduardo', 'González', 'Rodríguez', 'Calle 20', 'Bucaramanga', '3834567890', 'carlos.gonzalez@example.com'),
(75, 38, '3345678978', 'José', 'Luis', 'Salazar', 'Vega', 'Carrera 22', 'Popayán', '3845678901', 'jose.salazar@example.com'),
(76, 38, '4456789089', 'Patricia', 'Beatriz', 'Hernández', 'Suárez', 'Calle 12', 'Medellín', '3856789012', 'patricia.hernandez@example.com'),
(77, 39, '5567890200', 'Raúl', 'José', 'Vega', 'Rodríguez', 'Avenida 8', 'Cartagena', '3867890123', 'raul.vega@example.com'),
(78, 39, '6678901311', 'Carlos', 'Manuel', 'González', 'Serrano', 'Calle 5', 'Neiva', '3878901234', 'carlos.gonzalez@example.com'),
(79, 40, '7789012412', 'Mónica', 'Cecilia', 'Ramírez', 'Vega', 'Carrera 7', 'Pereira', '3889012345', 'monica.ramirez@example.com'),
(80, 40, '8890123523', 'José', 'Alberto', 'Hernández', 'Suárez', 'Avenida 6', 'Villavicencio', '3890123456', 'jose.hernandez@example.com'),
(81, 41, '9901234634', 'Carlos', 'Fernando', 'Salazar', 'González', 'Calle 4', 'Medellín', '3901234567', 'carlos.salazar@example.com'),
(82, 41, '1123456867', 'Patricia', 'Alba', 'Vega', 'Ramírez', 'Carrera 9', 'Bucaramanga', '3912345678', 'patricia.vega@example.com'),
(83, 42, '2234567978', 'José', 'Eduardo', 'Rodríguez', 'Martínez', 'Avenida 23', 'Popayán', '3923456789', 'jose.rodriguez@example.com'),
(84, 42, '3345678989', 'Raúl', 'Luis', 'Hernández', 'Vega', 'Calle 16', 'Cúcuta', '3934567890', 'raul.hernandez@example.com'),
(85, 43, '4456789100', 'Carlos', 'Antonio', 'Martínez', 'Serrano', 'Carrera 12', 'Ibagué', '3945678901', 'carlos.martinez@example.com'),
(86, 43, '5567890211', 'Mónica', 'José', 'González', 'Vega', 'Avenida 10', 'Cali', '3956789012', 'monica.gonzalez@example.com'),
(87, 44, '6678901322', 'José', 'Carlos', 'Vega', 'Ramírez', 'Calle 15', 'Pasto', '3967890123', 'jose.vega@example.com'),
(88, 44, '7789012423', 'Raúl', 'Alberto', 'Salazar', 'Rodríguez', 'Avenida 4', 'Barranquilla', '3978901234', 'raul.salazar@example.com'),
(89, 45, '8890123534', 'Carlos', 'José', 'González', 'Muñoz', 'Calle 2', 'Popayán', '3989012345', 'carlos.gonzalez@example.com'),
(90, 45, '9901234645', 'Mónica', 'María', 'Torres', 'Vega', 'Carrera 17', 'Manizales', '3990123456', 'monica.torres@example.com'),
(91, 46, '1123456878', 'José', 'Manuel', 'Ramírez', 'Hernández', 'Avenida 27', 'Cúcuta', '4001234567', 'jose.ramirez@example.com'),
(92, 46, '2234567989', 'Patricia', 'Lucía', 'González', 'Rodríguez', 'Carrera 13', 'Cali', '4012345678', 'patricia.gonzalez@example.com'),
(93, 47, '3345678990', 'Raúl', 'Fernando', 'Martínez', 'Salazar', 'Calle 6', 'Pasto', '4023456789', 'raul.martinez@example.com'),
(94, 47, '4456789111', 'Carlos', 'José', 'Torres', 'Vega', 'Avenida 12', 'Medellín', '4034567890', 'carlos.torres@example.com'),
(95, 48, '5567890222', 'José', 'Carlos', 'Salazar', 'González', 'Carrera 16', 'Cali', '4045678901', 'jose.salazar@example.com'),
(96, 48, '6678901333', 'Patricia', 'María', 'Ramírez', 'Muñoz', 'Calle 4', 'Neiva', '4056789012', 'patricia.ramirez@example.com'),
(97, 49, '7789012434', 'Raúl', 'Luis', 'González', 'Suárez', 'Avenida 5', 'Medellín', '4067890123', 'raul.gonzalez@example.com'),
(98, 49, '8890123545', 'Carlos', 'Alberto', 'Hernández', 'Vega', 'Calle 22', 'Popayán', '4078901234', 'carlos.hernandez@example.com'),
(99, 50, '9901234656', 'José', 'José', 'Vega', 'Martínez', 'Avenida 7', 'Cali', '4089012345', 'jose.vega@example.com'),
(100, 50, '1123456889', 'Mónica', 'Cecilia', 'Ramírez', 'Salazar', 'Carrera 11', 'Bucaramanga', '4090123456', 'monica.ramirez@example.com');

INSERT INTO alquileres (id_alquiler, id_vehiculo, id_empleado, id_sucursal, fecha_salida, fecha_esperada_entrega, fecha_entrega, valor_cotizado, valor_pagado) 
VALUES
(1, 1, 1, 1, '2024-11-01', '2024-11-05', '2024-11-04', 100.00, 100.00),
(2, 2, 2, 2, '2024-11-02', '2024-11-06', '2024-11-06', 150.00, 150.00),
(3, 3, 3, 3, '2024-11-03', '2024-11-07', '2024-11-07', 200.00, 200.00),
(4, 4, 4, 4, '2024-11-04', '2024-11-08', '2024-11-08', 120.00, 120.00),
(5, 5, 5, 5, '2024-11-05', '2024-11-09', '2024-11-09', 180.00, 180.00),
(6, 6, 6, 6, '2024-11-06', '2024-11-10', '2024-11-10', 210.00, 210.00),
(7, 7, 7, 7, '2024-11-07', '2024-11-11', '2024-11-11', 130.00, 130.00),
(8, 8, 8, 8, '2024-11-08', '2024-11-12', '2024-11-12', 160.00, 160.00),
(9, 9, 9, 9, '2024-11-09', '2024-11-13', '2024-11-13', 190.00, 190.00),
(10, 10, 10, 10, '2024-11-10', '2024-11-14', '2024-11-14', 220.00, 220.00),
(11, 11, 11, 11, '2024-11-11', '2024-11-15', '2024-11-15', 140.00, 140.00),
(12, 12, 12, 12, '2024-11-12', '2024-11-16', '2024-11-16', 170.00, 170.00),
(13, 13, 13, 13, '2024-11-13', '2024-11-17', '2024-11-17', 150.00, 150.00),
(14, 14, 14, 14, '2024-11-14', '2024-11-18', '2024-11-18', 220.00, 220.00),
(15, 15, 15, 15, '2024-11-15', '2024-11-19', '2024-11-19', 180.00, 180.00),
(16, 16, 16, 16, '2024-11-16', '2024-11-20', '2024-11-20', 110.00, 110.00),
(17, 17, 17, 17, '2024-11-17', '2024-11-21', '2024-11-21', 190.00, 190.00),
(18, 18, 18, 18, '2024-11-18', '2024-11-22', '2024-11-22', 140.00, 140.00),
(19, 19, 19, 19, '2024-11-19', '2024-11-23', '2024-11-23', 200.00, 200.00),
(20, 20, 20, 20, '2024-11-20', '2024-11-24', '2024-11-24', 220.00, 220.00),
(21, 21, 21, 21, '2024-11-21', '2024-11-25', '2024-11-25', 130.00, 130.00),
(22, 22, 22, 22, '2024-11-22', '2024-11-26', '2024-11-26', 160.00, 160.00),
(23, 23, 23, 23, '2024-11-23', '2024-11-27', '2024-11-27', 180.00, 180.00),
(24, 24, 24, 24, '2024-11-24', '2024-11-28', '2024-11-28', 210.00, 210.00),
(25, 25, 25, 25, '2024-11-25', '2024-11-29', '2024-11-29', 220.00, 220.00),
(26, 26, 26, 26, '2024-11-26', '2024-11-30', '2024-11-30', 170.00, 170.00),
(27, 27, 27, 27, '2024-11-27', '2024-12-01', '2024-12-01', 200.00, 200.00),
(28, 28, 28, 28, '2024-11-28', '2024-12-02', '2024-12-02', 150.00, 150.00),
(29, 29, 29, 29, '2024-11-29', '2024-12-03', '2024-12-03', 160.00, 160.00),
(30, 30, 30, 30, '2024-11-30', '2024-12-04', '2024-12-04', 180.00, 180.00),
(31, 31, 31, 31, '2024-12-01', '2024-12-05', '2024-12-05', 200.00, 200.00),
(32, 32, 32, 32, '2024-12-02', '2024-12-06', '2024-12-06', 140.00, 140.00),
(33, 33, 33, 33, '2024-12-03', '2024-12-07', '2024-12-07', 180.00, 180.00),
(34, 34, 34, 34, '2024-12-04', '2024-12-08', '2024-12-08', 220.00, 220.00),
(35, 35, 35, 35, '2024-12-05', '2024-12-09', '2024-12-09', 150.00, 150.00),
(36, 36, 36, 36, '2024-12-06', '2024-12-10', '2024-12-10', 160.00, 160.00),
(37, 37, 37, 37, '2024-12-07', '2024-12-11', '2024-12-11', 180.00, 180.00),
(38, 38, 38, 38, '2024-12-08', '2024-12-12', '2024-12-12', 210.00, 210.00),
(39, 39, 39, 39, '2024-12-09', '2024-12-13', '2024-12-13', 200.00, 200.00),
(40, 40, 40, 40, '2024-12-10', '2024-12-14', '2024-12-14', 160.00, 160.00),
(41, 41, 41, 41, '2024-12-11', '2024-12-15', '2024-12-15', 150.00, 150.00),
(42, 42, 42, 42, '2024-12-12', '2024-12-16', '2024-12-16', 170.00, 170.00),
(43, 43, 43, 43, '2024-12-13', '2024-12-17', '2024-12-17', 180.00, 180.00),
(44, 44, 44, 44, '2024-12-14', '2024-12-18', '2024-12-18', 210.00, 210.00),
(45, 45, 45, 45, '2024-12-15', '2024-12-19', '2024-12-19', 200.00, 200.00),
(46, 46, 46, 46, '2024-12-16', '2024-12-20', '2024-12-20', 160.00, 160.00),
(47, 47, 47, 47, '2024-12-17', '2024-12-21', '2024-12-21', 150.00, 150.00),
(48, 48, 48, 48, '2024-12-18', '2024-12-22', '2024-12-22', 180.00, 180.00),
(49, 49, 49, 49, '2024-12-19', '2024-12-23', '2024-12-23', 190.00, 190.00),
(50, 50, 50, 50, '2024-12-20', '2024-12-24', '2024-12-24', 200.00, 200.00),
(51, 51, 51, 51, '2024-12-21', '2024-12-25', '2024-12-25', 210.00, 210.00),
(52, 52, 52, 52, '2024-12-22', '2024-12-26', '2024-12-26', 220.00, 220.00),
(53, 53, 53, 53, '2024-12-23', '2024-12-27', '2024-12-27', 180.00, 180.00),
(54, 54, 54, 54, '2024-12-24', '2024-12-28', '2024-12-28', 160.00, 160.00),
(55, 55, 55, 55, '2024-12-25', '2024-12-29', '2024-12-29', 150.00, 150.00),
(56, 56, 56, 56, '2024-12-26', '2024-12-30', '2024-12-30', 170.00, 170.00),
(57, 57, 57, 57, '2024-12-27', '2024-12-31', '2024-12-31', 180.00, 180.00),
(58, 58, 58, 58, '2024-12-28', '2025-01-01', '2025-01-01', 200.00, 200.00),
(59, 59, 59, 59, '2024-12-29', '2025-01-02', '2025-01-02', 220.00, 220.00),
(60, 60, 60, 60, '2024-12-30', '2025-01-03', '2025-01-03', 190.00, 190.00),
(61, 61, 61, 61, '2025-01-01', '2025-01-04', '2025-01-04', 210.00, 210.00),
(62, 62, 62, 62, '2025-01-02', '2025-01-05', '2025-01-05', 200.00, 200.00),
(63, 63, 63, 63, '2025-01-03', '2025-01-06', '2025-01-06', 180.00, 180.00),
(64, 64, 64, 64, '2025-01-04', '2025-01-07', '2025-01-07', 170.00, 170.00),
(65, 65, 65, 65, '2025-01-05', '2025-01-08', '2025-01-08', 160.00, 160.00),
(66, 66, 66, 66, '2025-01-06', '2025-01-09', '2025-01-09', 150.00, 150.00),
(67, 67, 67, 67, '2025-01-07', '2025-01-10', '2025-01-10', 180.00, 180.00),
(68, 68, 68, 68, '2025-01-08', '2025-01-11', '2025-01-11', 220.00, 220.00),
(69, 69, 69, 69, '2025-01-09', '2025-01-12', '2025-01-12', 190.00, 190.00),
(70, 70, 70, 70, '2025-01-10', '2025-01-13', '2025-01-13', 180.00, 180.00),
(71, 71, 71, 71, '2025-01-11', '2025-01-14', '2025-01-14', 170.00, 170.00),
(72, 72, 72, 72, '2025-01-12', '2025-01-15', '2025-01-15', 160.00, 160.00),
(73, 73, 73, 73, '2025-01-13', '2025-01-16', '2025-01-16', 150.00, 150.00),
(74, 74, 74, 74, '2025-01-14', '2025-01-17', '2025-01-17', 140.00, 140.00),
(75, 75, 75, 75, '2025-01-15', '2025-01-18', '2025-01-18', 130.00, 130.00),
(76, 76, 76, 76, '2025-01-16', '2025-01-19', '2025-01-19', 120.00, 120.00),
(77, 77, 77, 77, '2025-01-17', '2025-01-20', '2025-01-20', 110.00, 110.00),
(78, 78, 78, 78, '2025-01-18', '2025-01-21', '2025-01-21', 100.00, 100.00),
(79, 79, 79, 79, '2025-01-19', '2025-01-22', '2025-01-22', 150.00, 150.00),
(80, 80, 80, 80, '2025-01-20', '2025-01-23', '2025-01-23', 200.00, 200.00),
(81, 81, 81, 81, '2025-01-21', '2025-01-24', '2025-01-24', 180.00, 180.00),
(82, 82, 82, 82, '2025-01-22', '2025-01-25', '2025-01-25', 220.00, 220.00),
(83, 83, 83, 83, '2025-01-23', '2025-01-26', '2025-01-26', 190.00, 190.00),
(84, 84, 84, 84, '2025-01-24', '2025-01-27', '2025-01-27', 170.00, 170.00),
(85, 85, 85, 85, '2025-01-25', '2025-01-28', '2025-01-28', 160.00, 160.00),
(86, 86, 86, 86, '2025-01-26', '2025-01-29', '2025-01-29', 150.00, 150.00),
(87, 87, 87, 87, '2025-01-27', '2025-01-30', '2025-01-30', 140.00, 140.00),
(88, 88, 88, 88, '2025-01-28', '2025-01-31', '2025-01-31', 130.00, 130.00),
(89, 89, 89, 89, '2025-01-29', '2025-02-01', '2025-02-01', 120.00, 120.00),
(90, 90, 90, 90, '2025-01-30', '2025-02-02', '2025-02-02', 110.00, 110.00),
(91, 91, 91, 91, '2025-01-31', '2025-02-03', '2025-02-03', 100.00, 100.00),
(92, 92, 92, 92, '2025-02-01', '2025-02-04', '2025-02-04', 150.00, 150.00),
(93, 93, 93, 93, '2025-02-02', '2025-02-05', '2025-02-05', 200.00, 200.00),
(94, 94, 94, 94, '2025-02-03', '2025-02-06', '2025-02-06', 180.00, 180.00),
(95, 95, 95, 95, '2025-02-04', '2025-02-07', '2025-02-07', 160.00, 160.00),
(96, 96, 96, 96, '2025-02-05', '2025-02-08', '2025-02-08', 150.00, 150.00),
(97, 97, 97, 97, '2025-02-06', '2025-02-09', '2025-02-09', 140.00, 140.00),
(98, 98, 98, 98, '2025-02-07', '2025-02-10', '2025-02-10', 130.00, 130.00),
(99, 99, 99, 99, '2025-02-08', '2025-02-11', '2025-02-11', 120.00, 120.00),
(100, 100, 100, 100, '2025-02-09', '2025-02-12', '2025-02-12', 110.00, 110.00);