
use AutoRenta_OrtizZully;

INSERT INTO Sucursales (id_sucursal, ubicacion, direccion, ciudad, telefono_fijo, celular, correo_electronico) VALUES
(1, 'Centro Comercial Plaza', 'Bogotá', 'Carrera 15 #45-78', '6012345678', '3001234567', 'contacto1@empresa.com'),
(2, 'Avenida Central', 'Medellín', 'Calle 10 #25-30', '6048765432', '3102345678', 'contacto2@empresa.com'),
(3, 'Parque Industrial', 'Cali', 'Avenida 5 #12-25', '6028765432', '3203456789', 'contacto3@empresa.com'),
(4, 'Zona Franca', 'Barranquilla', 'Calle 7 #18-45', '6051234567', '3214567890', 'contacto4@empresa.com'),
(5, 'Centro Histórico', 'Cartagena', 'Carrera 4 #6-10', '6052345678', '3225678901', 'contacto5@empresa.com');

INSERT INTO Empleados (id_empleado, cedula, nombre1, nombre2, apellido1, apellido2, direccion, ciudad, celular, correo_electronico, id_sucursal) 
VALUES
(1, '1234567890', 'Juan', 'Carlos', 'Pérez', 'Gómez', 'Calle 50', 'Bogotá', '3001112233', 'juan@autorental.com', 1),
(2, '1234567891', 'María', 'Luisa', 'Rodríguez', 'Martínez', 'Calle 51', 'Medellín', '3001112234', 'maria@autorental.com', 2),
(3, '1234567892', 'Pedro', 'Antonio', 'García', 'López', 'Carrera 12', 'Cali', '3001112235', 'pedro@autorental.com', 3),
(4, '1234567893', 'Laura', 'Beatriz', 'Martínez', 'Jiménez', 'Avenida 78', 'Barranquilla', '3001112236', 'laura@autorental.com', 4),
(5, '1234567894', 'Carlos', 'Eduardo', 'Lopez', 'Fernández', 'Calle 29', 'Cartagena', '3001112237', 'carlos@autorental.com', 5),
(6, '1234567895', 'Juan', 'Carlos', 'Pérez', 'Gómez', 'Calle 60', 'Bogotá', '3001112238', 'juan.carlos@autorental.com', 1),
(7, '1234567896', 'Alejandra', 'Sofía', 'Martínez', 'Paredes', 'Calle 61', 'Bogotá', '3001112239', 'alejandra@autorental.com', 1),
(8, '1234567897', 'Carlos', 'Eduardo', 'Méndez', 'Jiménez', 'Calle 62', 'Bogotá', '3001112240', 'carlos@autorental.com', 1),
(9, '1234567898', 'Laura', 'Isabel', 'González', 'López', 'Calle 63', 'Bogotá', '3001112241', 'laura@autorental.com', 1),
(10, '1234567899', 'Marcos', 'Antonio', 'Lopez', 'Rodríguez', 'Calle 64', 'Bogotá', '3001112242', 'marcos@autorental.com', 1),
(11, '1234567900', 'Javier', 'Pablo', 'Torres', 'Rodríguez', 'Avenida 80', 'Medellín', '3001112243', 'javier@autorental.com', 2),
(12, '1234567901', 'Patricia', 'María', 'Ramírez', 'Vargas', 'Avenida 81', 'Medellín', '3001112244', 'patricia@autorental.com', 2),
(13, '1234567902', 'Felipe', 'Manuel', 'Hernández', 'Castro', 'Carrera 15', 'Medellín', '3001112245', 'felipe@autorental.com', 2),
(14, '1234567903', 'Carolina', 'Sofía', 'López', 'Mendoza', 'Avenida 82', 'Medellín', '3001112246', 'carolina@autorental.com', 2),
(15, '1234567904', 'Eduardo', 'Luis', 'Pérez', 'Ríos', 'Avenida 83', 'Medellín', '3001112247', 'eduardo@autorental.com', 2),
(16, '1234567905', 'Antonio', 'José', 'Vásquez', 'Ruiz', 'Calle 70', 'Cali', '3001112248', 'antonio@autorental.com', 3),
(17, '1234567906', 'Isabel', 'Fernanda', 'Castaño', 'Mora', 'Carrera 10', 'Cali', '3001112249', 'isabel@autorental.com', 3),
(18, '1234567907', 'Santiago', 'Martín', 'Pérez', 'Ramírez', 'Calle 71', 'Cali', '3001112250', 'santiago@autorental.com', 3),
(19, '1234567908', 'Beatriz', 'Andrea', 'Sánchez', 'García', 'Carrera 12', 'Cali', '3001112251', 'beatriz@autorental.com', 3),
(20, '1234567909', 'Óscar', 'Ramón', 'Mendoza', 'Serrano', 'Calle 72', 'Cali', '3001112252', 'oscar@autorental.com', 3),
(21, '1234567910', 'Mónica', 'Verónica', 'Moreno', 'Vargas', 'Carrera 20', 'Barranquilla', '3001112253', 'monica@autorental.com', 4),
(22, '1234567911', 'Ricardo', 'Alejandro', 'Quintero', 'Suárez', 'Avenida 90', 'Barranquilla', '3001112254', 'ricardo@autorental.com', 4),
(23, '1234567912', 'Diana', 'Luz', 'Gómez', 'Hernández', 'Calle 30', 'Barranquilla', '3001112255', 'diana@autorental.com', 4),
(24, '1234567913', 'Gustavo', 'José', 'López', 'Mendoza', 'Carrera 22', 'Barranquilla', '3001112256', 'gustavo@autorental.com', 4),
(25, '1234567914', 'Lucía', 'Paola', 'Ríos', 'Gómez', 'Avenida 91', 'Barranquilla', '3001112257', 'lucia@autorental.com', 4),
(26, '1234567915', 'Mario', 'Luis', 'Córdoba', 'Morales', 'Avenida 110', 'Cartagena', '3001112258', 'mario@autorental.com', 5),
(27, '1234567916', 'Nicolás', 'Francisco', 'García', 'Salazar', 'Calle 40', 'Cartagena', '3001112259', 'nicolas@autorental.com', 5),
(28, '1234567917', 'Carla', 'Isabel', 'Martínez', 'Ramírez', 'Avenida 111', 'Cartagena', '3001112260', 'carla@autorental.com', 5),
(29, '1234567918', 'Ricardo', 'Enrique', 'Jiménez', 'Palma', 'Calle 41', 'Cartagena', '3001112261', 'ricardo@autorental.com', 5),
(30, '1234567919', 'Viviana', 'Beatriz', 'Serrano', 'Mendoza', 'Carrera 25', 'Cartagena', '3001112262', 'viviana@autorental.com', 5),
(31, '1234567920', 'Camila', 'Sofía', 'Pérez', 'López', 'Calle 65', 'Bogotá', '3001112243', 'camila@autorental.com', 1),
(32, '1234567921', 'Luis', 'Eduardo', 'González', 'Mendoza', 'Calle 66', 'Bogotá', '3001112244', 'luis@autorental.com', 1),
(33, '1234567922', 'Marta', 'Lucía', 'Ceballos', 'Martínez', 'Calle 67', 'Bogotá', '3001112245', 'marta@autorental.com', 1),
(34, '1234567923', 'Felipe', 'Antonio', 'Ramírez', 'Vargas', 'Calle 68', 'Bogotá', '3001112246', 'felipe@autorental.com', 1),
(35, '1234567924', 'Esteban', 'Raúl', 'Díaz', 'López', 'Calle 69', 'Bogotá', '3001112247', 'esteban@autorental.com', 1),
(36, '1234567925', 'Juliana', 'Carmen', 'Jiménez', 'Vargas', 'Calle 84', 'Medellín', '3001112248', 'juliana@autorental.com', 2),
(37, '1234567926', 'Jorge', 'Luis', 'Mendoza', 'González', 'Carrera 16', 'Medellín', '3001112249', 'jorge@autorental.com', 2),
(38, '1234567927', 'Lucía', 'Natalia', 'Torres', 'Hernández', 'Calle 85', 'Medellín', '3001112250', 'lucia.natalia@autorental.com', 2),
(39, '1234567928', 'Héctor', 'Manuel', 'Ríos', 'Quintero', 'Carrera 17', 'Medellín', '3001112251', 'hector@autorental.com', 2),
(40, '1234567929', 'Paola', 'Isabel', 'Salazar', 'Márquez', 'Calle 86', 'Medellín', '3001112252', 'paola@autorental.com', 2),
(41, '1234567930', 'Carlos', 'Alfredo', 'Paredes', 'Serrano', 'Carrera 18', 'Cali', '3001112253', 'carlos.alfredo@autorental.com', 3),
(42, '1234567931', 'Evelyn', 'Tatiana', 'Díaz', 'Guzmán', 'Calle 73', 'Cali', '3001112254', 'evelyn@autorental.com', 3),
(43, '1234567932', 'Roberto', 'Álvaro', 'Reyes', 'González', 'Avenida 75', 'Cali', '3001112255', 'roberto@autorental.com', 3),
(44, '1234567933', 'Valentina', 'Isabella', 'Sánchez', 'Ramírez', 'Calle 74', 'Cali', '3001112256', 'valentina@autorental.com', 3),
(45, '1234567934', 'Andrés', 'David', 'Montoya', 'Serrano', 'Carrera 19', 'Cali', '3001112257', 'andres@autorental.com', 3),
(46, '1234567935', 'Nathalia', 'Estefanía', 'Mendoza', 'Hernández', 'Calle 45', 'Barranquilla', '3001112258', 'nathalia@autorental.com', 4),
(47, '1234567936', 'Javier', 'Fernando', 'Ceballos', 'Ramírez', 'Avenida 94', 'Barranquilla', '3001112259', 'javier@autorental.com', 4),
(48, '1234567937', 'Angélica', 'María', 'Torres', 'Vega', 'Carrera 23', 'Barranquilla', '3001112260', 'angelica@autorental.com', 4),
(49, '1234567938', 'Saúl', 'Emilio', 'Hernández', 'López', 'Calle 46', 'Barranquilla', '3001112261', 'saul@autorental.com', 4),
(50, '1234567939', 'Alejandra', 'Catalina', 'Álvarez', 'Vargas', 'Avenida 95', 'Barranquilla', '3001112262', 'alejandra@autorental.com', 4),
(51, '1234567940', 'Esteban', 'Manuel', 'Díaz', 'González', 'Avenida 120', 'Cartagena', '3001112263', 'esteban@autorental.com', 5),
(52, '1234567941', 'Lina', 'Karina', 'Mora', 'Rodríguez', 'Calle 50', 'Cartagena', '3001112264', 'lina@autorental.com', 5),
(53, '1234567942', 'Manuel', 'Carlos', 'Ramírez', 'Méndez', 'Carrera 30', 'Cartagena', '3001112265', 'manuel@autorental.com', 5),
(54, '1234567943', 'Sara', 'Andrea', 'Serrano', 'Hernández', 'Calle 51', 'Cartagena', '3001112266', 'sara@autorental.com', 5),
(55, '1234567944', 'Raúl', 'Ignacio', 'Vásquez', 'Ríos', 'Avenida 121', 'Cartagena', '3001112267', 'raul@autorental.com', 5),
(56, '1234567945', 'Carlos', 'Eduardo', 'Méndez', 'Ramírez', 'Calle 70', 'Bogotá', '3001112268', 'carlos@autorental.com', 1),
(57, '1234567946', 'Claudia', 'Paola', 'Hernández', 'Vega', 'Carrera 71', 'Bogotá', '3001112269', 'claudia@autorental.com', 1),
(58, '1234567947', 'Raúl', 'Javier', 'Torres', 'Gómez', 'Calle 72', 'Bogotá', '3001112270', 'raul@autorental.com', 1),
(59, '1234567948', 'Lorena', 'Diana', 'Martínez', 'Ruiz', 'Carrera 73', 'Bogotá', '3001112271', 'lorena@autorental.com', 1),
(60, '1234567949', 'Juan', 'José', 'Castro', 'Flores', 'Calle 74', 'Bogotá', '3001112272', 'juan@autorental.com', 1),
(61, '1234567950', 'Marcela', 'Fernanda', 'Cordero', 'López', 'Calle 87', 'Medellín', '3001112273', 'marcela@autorental.com', 2),
(62, '1234567951', 'Felipe', 'Antonio', 'Guzmán', 'Mora', 'Carrera 88', 'Medellín', '3001112274', 'felipe@autorental.com', 2),
(63, '1234567952', 'Natalia', 'Lucía', 'Ramírez', 'Sánchez', 'Avenida 89', 'Medellín', '3001112275', 'natalia@autorental.com', 2),
(64, '1234567953', 'Mario', 'Eduardo', 'Castillo', 'Ríos', 'Calle 90', 'Medellín', '3001112276', 'mario@autorental.com', 2),
(65, '1234567954', 'Valeria', 'Carmen', 'Figueroa', 'Jiménez', 'Carrera 91', 'Medellín', '3001112277', 'valeria@autorental.com', 2),
(66, '1234567955', 'Mónica', 'Johana', 'González', 'Figueroa', 'Calle 95', 'Cali', '3001112278', 'monica@autorental.com', 3),
(67, '1234567956', 'Antonio', 'David', 'Reyes', 'Vásquez', 'Carrera 96', 'Cali', '3001112279', 'antonio@autorental.com', 3),
(68, '1234567957', 'Cristina', 'Alejandra', 'Bermúdez', 'Lozano', 'Avenida 97', 'Cali', '3001112280', 'cristina@autorental.com', 3),
(69, '1234567958', 'Gerardo', 'Felipe', 'Martínez', 'Vega', 'Calle 98', 'Cali', '3001112281', 'gerardo@autorental.com', 3),
(70, '1234567959', 'Simona', 'Valeria', 'Hernández', 'González', 'Carrera 99', 'Cali', '3001112282', 'simona@autorental.com', 3),
(71, '1234567960', 'Marcelo', 'Ignacio', 'Vásquez', 'Hernández', 'Calle 110', 'Barranquilla', '3001112283', 'marcelo@autorental.com', 4),
(72, '1234567961', 'Liliana', 'Estefanía', 'Serrano', 'Ramírez', 'Avenida 112', 'Barranquilla', '3001112284', 'liliana@autorental.com', 4),
(73, '1234567962', 'Pedro', 'Antonio', 'Jiménez', 'Méndez', 'Carrera 113', 'Barranquilla', '3001112285', 'pedro@autorental.com', 4),
(74, '1234567963', 'Ana', 'Cecilia', 'Sánchez', 'Figueroa', 'Calle 114', 'Barranquilla', '3001112286', 'ana@autorental.com', 4),
(75, '1234567964', 'Julieta', 'Carolina', 'Sánchez', 'Martínez', 'Carrera 115', 'Barranquilla', '3001112287', 'julieta@autorental.com', 4),
(76, '1234567965', 'Raúl', 'Germán', 'Hernández', 'Flores', 'Calle 130', 'Cartagena', '3001112288', 'raul@autorental.com', 5),
(77, '1234567966', 'Vanessa', 'Lucía', 'Figueroa', 'González', 'Carrera 131', 'Cartagena', '3001112289', 'vanessa@autorental.com', 5),
(78, '1234567967', 'Mauricio', 'Joaquín', 'Rodríguez', 'Méndez', 'Avenida 132', 'Cartagena', '3001112290', 'mauricio@autorental.com', 5),
(79, '1234567968', 'Teresa', 'Lina', 'Morales', 'Gómez', 'Calle 133', 'Cartagena', '3001112291', 'teresa@autorental.com', 5),
(80, '1234567969', 'Juan', 'Carlos', 'Vásquez', 'Salazar', 'Carrera 134', 'Cartagena', '3001112292', 'juan@autorental.com', 5),
(81, '1234567970', 'Valentina', 'Paola', 'Méndez', 'Reyes', 'Calle 140', 'Barranquilla', '3001112293', 'valentina@autorental.com', 4),
(82, '1234567971', 'Carlos', 'Antonio', 'Gómez', 'Hernández', 'Carrera 141', 'Medellín', '3001112294', 'carlos@autorental.com', 2),
(83, '1234567972', 'Silvia', 'Paola', 'Mora', 'Torres', 'Avenida 142', 'Cali', '3001112295', 'silvia@autorental.com', 3),
(84, '1234567973', 'Óscar', 'Luis', 'Figueroa', 'Serrano', 'Calle 143', 'Cartagena', '3001112296', 'oscar@autorental.com', 5),
(85, '1234567974', 'Ricardo', 'Ezequiel', 'Sánchez', 'Mendoza', 'Carrera 144', 'Medellín', '3001112297', 'ricardo@autorental.com', 2),
(86, '1234567975', 'María', 'José', 'Rodríguez', 'González', 'Avenida 145', 'Barranquilla', '3001112298', 'maria@autorental.com', 4),
(87, '1234567976', 'Andrés', 'Felipe', 'Serrano', 'Jiménez', 'Calle 146', 'Cali', '3001112299', 'andres@autorental.com', 3),
(88, '1234567977', 'Lucía', 'Valeria', 'Sánchez', 'Torres', 'Carrera 147', 'Medellín', '3001112300', 'lucia@autorental.com', 2),
(89, '1234567978', 'Jorge', 'Hernán', 'Vásquez', 'Reyes', 'Avenida 148', 'Cartagena', '3001112301', 'jorge@autorental.com', 5),
(90, '1234567979', 'Álvaro', 'Esteban', 'Figueroa', 'Gómez', 'Calle 149', 'Bogotá', '3001112302', 'alvaro@autorental.com', 1),
(91, '1234567980', 'Ricardo', 'David', 'Vega', 'Méndez', 'Carrera 150', 'Medellín', '3001112303', 'ricardo@autorental.com', 2),
(92, '1234567981', 'Gabriela', 'Johana', 'González', 'Salazar', 'Avenida 151', 'Cartagena', '3001112304', 'gabriela@autorental.com', 5),
(93, '1234567982', 'Fernando', 'Carlos', 'Serrano', 'López', 'Calle 152', 'Cali', '3001112305', 'fernando@autorental.com', 3),
(94, '1234567983', 'Isabel', 'Paola', 'Martínez', 'Reyes', 'Carrera 153', 'Medellín', '3001112306', 'isabel@autorental.com', 2),
(95, '1234567984', 'Mauricio', 'Alberto', 'Méndez', 'Castro', 'Avenida 154', 'Barranquilla', '3001112307', 'mauricio@autorental.com', 4),
(96, '1234567985', 'Sandra', 'Lucía', 'Gómez', 'Serrano', 'Calle 155', 'Cartagena', '3001112308', 'sandra@autorental.com', 5),
(97, '1234567986', 'Eduardo', 'José', 'Vega', 'Martínez', 'Carrera 156', 'Cali', '3001112309', 'eduardo@autorental.com', 3),
(98, '1234567987', 'Monica', 'Cecilia', 'Figueroa', 'Jiménez', 'Avenida 157', 'Medellín', '3001112310', 'monica@autorental.com', 2),
(99, '1234567988', 'Santiago', 'José', 'Rodríguez', 'Hernández', 'Calle 158', 'Barranquilla', '3001112311', 'santiago@autorental.com', 4),
(100, '1234567989', 'Esteban', 'David', 'Mora', 'Vega', 'Carrera 159', 'Cartagena', '3001112312', 'esteban@autorental.com', 5);

INSERT INTO Clientes (id_cliente, cedula, nombre1, nombre2, apellido1, apellido2, direccion, ciudad, celular, correo_electronico)
VALUES
(1, '10987654321', 'Carlos', 'Antonio', 'Sánchez', 'Martínez', 'Calle 1', 'Bogotá', 3001234501, 'carlos.sanchez@cliente.com'),
(2, '20987654321', 'Ana', 'María', 'González', 'Pérez', 'Calle 2', 'Bogotá', 3001234502, 'ana.gonzalez@cliente.com'),
(3, '30987654321', 'Jorge', 'Luis', 'Mendoza', 'Ramírez', 'Calle 3', 'Medellín', 3001234503, 'jorge.mendoza@cliente.com'),
(4, '40987654321', 'Luisa', 'Fernanda', 'Hernández', 'Gómez', 'Carrera 4', 'Medellín', 3001234504, 'luisa.hernandez@cliente.com'),
(5, '50987654321', 'Pedro', 'José', 'Rodríguez', 'Sánchez', 'Avenida 5', 'Cali', 3001234505, 'pedro.rodriguez@cliente.com'),
(6, '60987654321', 'Marta', 'Lucía', 'Vega', 'González', 'Calle 6', 'Cali', 3001234506, 'marta.vega@cliente.com'),
(7, '70987654321', 'Tomás', 'Carlos', 'Ramírez', 'Torres', 'Carrera 7', 'Cartagena', 3001234507, 'tomas.ramirez@cliente.com'),
(8, '80987654321', 'Valentina', 'Andrea', 'Pérez', 'Morales', 'Avenida 8', 'Cartagena', 3001234508, 'valentina.perez@cliente.com'),
(9, '90987654321', 'Ricardo', 'Álvaro', 'Castillo', 'López', 'Calle 9', 'Barranquilla', 3001234509, 'ricardo.castillo@cliente.com'),
(10, '100987654321', 'Elena', 'Sofía', 'Vásquez', 'González', 'Carrera 10', 'Barranquilla', 3001234510, 'elena.vasquez@cliente.com'),
(11, '110987654321', 'Javier', 'Alberto', 'Martínez', 'Paredes', 'Avenida 11', 'Bucaramanga', 3001234511, 'javier.martinez@cliente.com'),
(12, '120987654321', 'Beatriz', 'Andrea', 'Hernández', 'López', 'Calle 12', 'Bucaramanga', 3001234512, 'beatriz.hernandez@cliente.com'),
(13, '130987654321', 'Carlos', 'Eduardo', 'Rodríguez', 'Vega', 'Carrera 13', 'Cúcuta', 3001234513, 'carlos.rodriguez@cliente.com'),
(14, '140987654321', 'Patricia', 'Lucía', 'Mendoza', 'Torres', 'Avenida 14', 'Cúcuta', 3001234514, 'patricia.mendoza@cliente.com'),
(15, '150987654321', 'Raúl', 'Enrique', 'Sánchez', 'Ramírez', 'Calle 15', 'Pereira', 3001234515, 'raul.sanchez@cliente.com'),
(16, '160987654321', 'María', 'José', 'López', 'Pérez', 'Carrera 16', 'Pereira', 3001234516, 'maria.lopez@cliente.com'),
(17, '170987654321', 'Carlos', 'Andrés', 'Martínez', 'Paredes', 'Avenida 17', 'Manizales', 3001234517, 'carlos.martinez@cliente.com'),
(18, '180987654321', 'Fernanda', 'Lucía', 'Gómez', 'Torres', 'Calle 18', 'Manizales', 3001234518, 'fernanda.gomez@cliente.com'),
(19, '190987654321', 'Victor', 'Manuel', 'Pérez', 'Vega', 'Carrera 19', 'Popayán', 3001234519, 'victor.perez@cliente.com'),
(20, '200987654321', 'Alejandra', 'María', 'López', 'Rodríguez', 'Avenida 20', 'Popayán', 3001234520, 'alejandra.lopez@cliente.com'),
(21, '210987654321', 'David', 'José', 'Hernández', 'Sánchez', 'Calle 21', 'Tunja', 3001234521, 'david.hernandez@cliente.com'),
(22, '220987654321', 'Mariana', 'Isabel', 'Castillo', 'Martínez', 'Carrera 22', 'Tunja', 3001234522, 'mariana.castillo@cliente.com'),
(23, '230987654321', 'José', 'Antonio', 'Rodríguez', 'Vega', 'Avenida 23', 'Ibagué', 3001234523, 'jose.antonio@cliente.com'),
(24, '240987654321', 'Sandra', 'Milena', 'Martínez', 'Gómez', 'Calle 24', 'Ibagué', 3001234524, 'sandra.martinez@cliente.com'),
(25, '250987654321', 'Ricardo', 'José', 'Torres', 'Ramírez', 'Carrera 25', 'Villavicencio', 3001234525, 'ricardo.torres@cliente.com'),
(26, '260987654321', 'Luis', 'Felipe', 'González', 'Serrano', 'Calle 26', 'Villavicencio', 3001234526, 'luis.gonzalez@cliente.com'),
(27, '270987654321', 'Beatriz', 'Marina', 'Rodríguez', 'Pérez', 'Carrera 27', 'Neiva', 3001234527, 'beatriz.rodriguez@cliente.com'),
(28, '280987654321', 'Carlos', 'Javier', 'Hernández', 'Martínez', 'Avenida 28', 'Neiva', 3001234528, 'carlos.hernandez@cliente.com'),
(29, '290987654321', 'Elena', 'Raquel', 'Vega', 'Torres', 'Calle 29', 'Santa Marta', 3001234529, 'elena.vega@cliente.com'),
(30, '300987654321', 'Iván', 'Ricardo', 'González', 'Paredes', 'Carrera 30', 'Santa Marta', 3001234530, 'ivan.gonzalez@cliente.com'),
(31, '310987654321', 'Laura', 'Marcela', 'Jiménez', 'López', 'Calle 31', 'Santa Marta', 3001234531, 'laura.jimenez@cliente.com'),
(32, '320987654321', 'Juan', 'Pablo', 'Cardenas', 'González', 'Carrera 32', 'Sincelejo', 3001234532, 'juan.cardenas@cliente.com'),
(33, '330987654321', 'Diana', 'Lorena', 'García', 'Martínez', 'Avenida 33', 'Sincelejo', 3001234533, 'diana.garcia@cliente.com'),
(34, '340987654321', 'Sergio', 'Andrés', 'López', 'Serrano', 'Calle 34', 'Montería', 3001234534, 'sergio.lopez@cliente.com'),
(35, '350987654321', 'Esteban', 'José', 'Gutiérrez', 'Mendoza', 'Carrera 35', 'Montería', 3001234535, 'esteban.gutierrez@cliente.com'),
(36, '360987654321', 'Andrea', 'Patricia', 'Molina', 'Castro', 'Avenida 36', 'Florencia', 3001234536, 'andrea.molina@cliente.com'),
(37, '370987654321', 'Miguel', 'Ángel', 'Soto', 'López', 'Calle 37', 'Florencia', 3001234537, 'miguel.soto@cliente.com'),
(38, '380987654321', 'Natalia', 'Cristina', 'Pérez', 'Romero', 'Carrera 38', 'Pasto', 3001234538, 'natalia.perez@cliente.com'),
(39, '390987654321', 'Felipe', 'Alejandro', 'Quintero', 'Vargas', 'Avenida 39', 'Pasto', 3001234539, 'felipe.quintero@cliente.com'),
(40, '400987654321', 'Paula', 'Andrea', 'López', 'Ramírez', 'Calle 40', 'Armenia', 3001234540, 'paula.lopez@cliente.com'),
(41, '410987654321', 'Camila', 'Sofía', 'Ortiz', 'Pérez', 'Carrera 41', 'Armenia', 3001234541, 'camila.ortiz@cliente.com'),
(42, '420987654321', 'Rodrigo', 'Alfonso', 'Herrera', 'Gómez', 'Avenida 42', 'Tunja', 3001234542, 'rodrigo.herrera@cliente.com'),
(43, '430987654321', 'Luisa', 'Fernanda', 'Ardila', 'Vega', 'Calle 43', 'Cartago', 3001234543, 'luisa.ardila@cliente.com'),
(44, '440987654321', 'Carlos', 'David', 'Rincón', 'Ramos', 'Carrera 44', 'Cartago', 3001234544, 'carlos.rincon@cliente.com'),
(45, '450987654321', 'Yesenia', 'Carolina', 'Rojas', 'López', 'Avenida 45', 'Barrancabermeja', 3001234545, 'yesenia.rojas@cliente.com'),
(46, '460987654321', 'Enrique', 'Sebastián', 'Ruiz', 'Páez', 'Calle 46', 'Barrancabermeja', 3001234546, 'enrique.ruiz@cliente.com'),
(47, '470987654321', 'Lina', 'María', 'Salazar', 'Rincón', 'Carrera 47', 'Rionegro', 3001234547, 'lina.salazar@cliente.com'),
(48, '480987654321', 'Pablo', 'Esteban', 'Vargas', 'Morales', 'Avenida 48', 'Rionegro', 3001234548, 'pablo.vargas@cliente.com'),
(49, '490987654321', 'José', 'Luis', 'Cárdenas', 'Díaz', 'Calle 49', 'Zipaquirá', 3001234549, 'jose.cardenas@cliente.com'),
(50, '500987654321', 'Luz', 'Stella', 'García', 'Torres', 'Carrera 50', 'Zipaquirá', 3001234550, 'luz.garcia@cliente.com'),
(51, '510987654321', 'Manuel', 'Joaquín', 'Ramírez', 'Barrera', 'Avenida 51', 'Cajicá', 3001234551, 'manuel.ramirez@cliente.com'),
(52, '520987654321', 'Jacqueline', 'Lorena', 'Sánchez', 'Cruz', 'Calle 52', 'Cajicá', 3001234552, 'jacqueline.sanchez@cliente.com'),
(53, '530987654321', 'Fernando', 'Germán', 'Palacios', 'Reyes', 'Carrera 53', 'La Calera', 3001234553, 'fernando.palacios@cliente.com'),
(54, '540987654321', 'Yolanda', 'Beatriz', 'Márquez', 'Guerrero', 'Avenida 54', 'La Calera', 3001234554, 'yolanda.marquez@cliente.com'),
(55, '550987654321', 'Héctor', 'Mauricio', 'Reyes', 'Paz', 'Calle 55', 'Soacha', 3001234555, 'hector.reyes@cliente.com'),
(56, '560987654321', 'Claudia', 'Juliana', 'González', 'Sánchez', 'Carrera 56', 'Tunja', 3001234556, 'claudia.gonzalez@cliente.com'),
(57, '570987654321', 'Ricardo', 'Andrés', 'Pérez', 'Luna', 'Avenida 57', 'Pereira', 3001234557, 'ricardo.perez@cliente.com'),
(58, '580987654321', 'Valentina', 'Isabel', 'Martínez', 'Guzmán', 'Calle 58', 'Pereira', 3001234558, 'valentina.martinez@cliente.com'),
(59, '590987654321', 'Gabriel', 'Samuel', 'Ortiz', 'Sierra', 'Carrera 59', 'Neiva', 3001234559, 'gabriel.ortiz@cliente.com'),
(60, '600987654321', 'Diana', 'Carolina', 'Rodríguez', 'Mejía', 'Avenida 60', 'Neiva', 3001234560, 'diana.rodriguez@cliente.com'),
(61, '610987654321', 'Jonathan', 'Iván', 'Moreno', 'García', 'Calle 61', 'Manizales', 3001234561, 'jonathan.moreno@cliente.com'),
(62, '620987654321', 'Patricia', 'Adriana', 'Gómez', 'Bermúdez', 'Carrera 62', 'Manizales', 3001234562, 'patricia.gomez@cliente.com'),
(63, '630987654321', 'Sebastián', 'Alonso', 'Jiménez', 'Valencia', 'Avenida 63', 'Bucaramanga', 3001234563, 'sebastian.jimenez@cliente.com'),
(64, '640987654321', 'Carolina', 'Andrea', 'Bautista', 'Salinas', 'Calle 64', 'Bucaramanga', 3001234564, 'carolina.bautista@cliente.com'),
(65, '650987654321', 'Andrés', 'Felipe', 'Ruiz', 'Molina', 'Carrera 65', 'Cali', 3001234565, 'andres.ruiz@cliente.com'),
(66, '660987654321', 'Mónica', 'Liliana', 'Castillo', 'Páez', 'Avenida 66', 'Cali', 3001234566, 'monica.castillo@cliente.com'),
(67, '670987654321', 'Francisco', 'Arturo', 'Pardo', 'Guzmán', 'Calle 67', 'Ibagué', 3001234567, 'francisco.pardo@cliente.com'),
(68, '680987654321', 'Juliana', 'Fernanda', 'Ríos', 'Herrera', 'Carrera 68', 'Ibagué', 3001234568, 'juliana.rios@cliente.com'),
(69, '690987654321', 'Mauricio', 'José', 'Vega', 'Rivas', 'Avenida 69', 'Villavicencio', 3001234569, 'mauricio.vega@cliente.com'),
(70, '700987654321', 'Margarita', 'Luz', 'Ramírez', 'Santos', 'Calle 70', 'Villavicencio', 3001234570, 'margarita.ramirez@cliente.com'),
(71, '710987654321', 'Oscar', 'David', 'Mejía', 'Cifuentes', 'Carrera 71', 'Pasto', 3001234571, 'oscar.mejia@cliente.com'),
(72, '720987654321', 'Carmen', 'Elena', 'Torres', 'Morales', 'Avenida 72', 'Pasto', 3001234572, 'carmen.torres@cliente.com'),
(73, '730987654321', 'Federico', 'Alejandro', 'Sánchez', 'Castaño', 'Calle 73', 'Leticia', 3001234573, 'federico.sanchez@cliente.com'),
(74, '740987654321', 'Natalia', 'Beatriz', 'López', 'Pineda', 'Carrera 74', 'Leticia', 3001234574, 'natalia.lopez@cliente.com'),
(75, '750987654321', 'Víctor', 'Manuel', 'Herrera', 'González', 'Avenida 75', 'Cúcuta', 3001234575, 'victor.herrera@cliente.com'),
(76, '760987654321', 'María', 'Josefa', 'Cruz', 'Suárez', 'Calle 76', 'Cúcuta', 3001234576, 'maria.cruz@cliente.com'),
(77, '770987654321', 'Jorge', 'Luis', 'Castro', 'Peña', 'Carrera 77', 'Cartagena', 3001234577, 'jorge.castro@cliente.com'),
(78, '780987654321', 'Lorena', 'Margarita', 'Martínez', 'Lara', 'Avenida 78', 'Cartagena', 3001234578, 'lorena.martinez@cliente.com'),
(79, '790987654321', 'Emilio', 'Antonio', 'Mendoza', 'Palacios', 'Calle 79', 'Santa Marta', 3001234579, 'emilio.mendoza@cliente.com'),
(80, '800987654321', 'Flor', 'Eugenia', 'Morales', 'Hernández', 'Carrera 80', 'Santa Marta', 3001234580, 'flor.morales@cliente.com'),
(81, '810987654321', 'Raúl', 'Guillermo', 'Acosta', 'Beltrán', 'Avenida 81', 'Medellín', 3001234581, 'raul.acosta@cliente.com'),
(82, '820987654321', 'Alicia', 'Mercedes', 'Díaz', 'Navarro', 'Calle 82', 'Medellín', 3001234582, 'alicia.diaz@cliente.com'),
(83, '830987654321', 'Tomás', 'Ignacio', 'Rodríguez', 'Arias', 'Carrera 83', 'Barranquilla', 3001234583, 'tomas.rodriguez@cliente.com'),
(84, '840987654321', 'Zulma', 'Isabel', 'Barreto', 'López', 'Avenida 84', 'Barranquilla', 3001234584, 'zulma.barreto@cliente.com'),
(85, '850987654321', 'Camilo', 'Esteban', 'Guerra', 'Valdés', 'Calle 85', 'Bogotá', 3001234585, 'camilo.guerra@cliente.com'),
(86, '860987654321', 'Esperanza', 'Fabiola', 'Suárez', 'Campos', 'Carrera 86', 'Bogotá', 3001234586, 'esperanza.suarez@cliente.com'),
(87, '870987654321', 'Diego', 'Alejandro', 'Palacio', 'López', 'Avenida 87', 'Cali', 3001234587, 'diego.palacio@cliente.com'),
(88, '880987654321', 'Karen', 'Tatiana', 'Navarro', 'Figueroa', 'Calle 88', 'Cali', 3001234588, 'karen.navarro@cliente.com'),
(89, '890987654321', 'Hernán', 'Emilio', 'Velásquez', 'Franco', 'Carrera 89', 'Pereira', 3001234589, 'hernan.velasquez@cliente.com'),
(90, '900987654321', 'Gloria', 'Beatriz', 'Pacheco', 'Lagos', 'Avenida 90', 'Pereira', 3001234590, 'gloria.pacheco@cliente.com'),
(91, '910987654321', 'Orlando', 'Miguel', 'Becerra', 'Osorio', 'Calle 91', 'Manizales', 3001234591, 'orlando.becerra@cliente.com'),
(92, '920987654321', 'Silvia', 'Andrea', 'Castañeda', 'Torres', 'Carrera 92', 'Manizales', 3001234592, 'silvia.castaneda@cliente.com'),
(93, '930987654321', 'Juan', 'Carlos', 'Murillo', 'Castro', 'Avenida 93', 'Villavicencio', 3001234593, 'juan.murillo@cliente.com'),
(94, '940987654321', 'Lina', 'Marcela', 'Barrera', 'Correa', 'Calle 94', 'Villavicencio', 3001234594, 'lina.barrera@cliente.com'),
(95, '950987654321', 'Edgar', 'Rubén', 'Gil', 'Navia', 'Carrera 95', 'Ibagué', 3001234595, 'edgar.gil@cliente.com'),
(96, '960987654321', 'César', 'Augusto', 'López', 'Suárez', 'Avenida 96', 'Ibagué', 3001234596, 'cesar.lopez@cliente.com'),
(97, '970987654321', 'Verónica', 'Fernanda', 'Roldán', 'Betancourt', 'Calle 97', 'Tunja', 3001234597, 'veronica.roldan@cliente.com'),
(98, '980987654321', 'Julián', 'Alberto', 'Ochoa', 'Gómez', 'Carrera 98', 'Tunja', 3001234598, 'julian.ochoa@cliente.com'),
(99, '990987654321', 'Sofía', 'Daniela', 'Galvis', 'Ortiz', 'Avenida 99', 'Bucaramanga', 3001234599, 'sofia.galvis@cliente.com'),
(100, '1000987654321', 'Fabio', 'Enrique', 'Fajardo', 'Ríos', 'Calle 100', 'Bucaramanga', 3001234600, 'fabio.fajardo@cliente.com');

INSERT INTO Tipo_vehiculo (id_tipoV, valor_alquiler_semana, valor_alquiler_dia, tipo)
VALUES
(1, 200000, 30000, 'Sedán'),
(2, 250000, 35000, 'Camioneta'),
(3, 300000, 45000, 'SUV'),
(4, 150000, 25000, 'Compacto'),
(5, 500000, 70000, 'Camioneta de lujo'),
(6, 400000, 55000, 'Deportivo'),
(7, 200000, 32000, 'Minivan'),
(8, 600000, 85000, 'Camioneta platón'),
(9, 350000, 50000, 'Convertible'),
(10, 100000, 15000, 'Híbrido');

INSERT INTO Vehiculos (id_vehiculo, placa, referencia, modelo, puertas, capacidad, sunroof, motor, color, id_tipoV)
VALUES
(1, 'ABC123', 2023, 'Model A', 4, 5, 'Sí', 'V6', 'Rojo', 1),
(2, 'DEF456', 2023, 'Model B', 4, 5, 'No', 'V8', 'Azul', 2),
(3, 'GHI789', 2023, 'Model C', 4, 5, 'Sí', 'V6', 'Negro', 3),
(4, 'JKL012', 2023, 'Model D', 2, 4, 'No', 'V4', 'Blanco', 4),
(5, 'MNO345', 2023, 'Model E', 4, 5, 'Sí', 'V8', 'Plata', 5),
(6, 'PQR678', 2022, 'Model F', 4, 5, 'No', 'V6', 'Gris', 1),
(7, 'STU901', 2022, 'Model G', 2, 2, 'Sí', 'V4', 'Verde', 2),
(8, 'VWX234', 2022, 'Model H', 4, 7, 'Sí', 'V8', 'Azul', 3),
(9, 'YZA567', 2021, 'Model I', 4, 5, 'No', 'V6', 'Negro', 4),
(10, 'BCD890', 2021, 'Model J', 4, 5, 'Sí', 'V8', 'Rojo', 5),
(11, 'EFG123', 2023, 'Model K', 4, 5, 'No', 'V6', 'Blanco', 1),
(12, 'HIJ456', 2023, 'Model L', 4, 5, 'Sí', 'V4', 'Azul', 2),
(13, 'KLM789', 2022, 'Model M', 2, 4, 'No', 'V8', 'Gris', 3),
(14, 'NOP012', 2022, 'Model N', 4, 5, 'Sí', 'V6', 'Negro', 4),
(15, 'QRS345', 2021, 'Model O', 4, 7, 'Sí', 'V4', 'Verde', 5),
(16, 'TUV678', 2020, 'Model P', 4, 5, 'No', 'V8', 'Plata', 1),
(17, 'WXY901', 2020, 'Model Q', 4, 5, 'Sí', 'V6', 'Rojo', 2),
(18, 'ZAB234', 2023, 'Model R', 4, 5, 'No', 'V8', 'Negro', 3),
(19, 'CDE567', 2023, 'Model S', 2, 4, 'Sí', 'V6', 'Blanco', 4),
(20, 'FGH890', 2022, 'Model T', 4, 5, 'Sí', 'V4', 'Azul', 5),
(21, 'IJK123', 2021, 'Model U', 4, 5, 'No', 'V6', 'Verde', 1),
(22, 'LMN456', 2021, 'Model V', 4, 7, 'Sí', 'V8', 'Gris', 2),
(23, 'OPQ789', 2022, 'Model W', 4, 5, 'No', 'V4', 'Rojo', 3),
(24, 'RST012', 2022, 'Model X', 4, 5, 'Sí', 'V6', 'Negro', 4),
(25, 'UVW345', 2020, 'Model Y', 4, 5, 'No', 'V8', 'Azul', 5),
(26, 'XYZ678', 2020, 'Model Z', 4, 5, 'Sí', 'V6', 'Blanco', 1),
(27, 'AAA901', 2023, 'Model AA', 2, 4, 'No', 'V4', 'Rojo', 2),
(28, 'BBB234', 2022, 'Model BB', 4, 5, 'Sí', 'V8', 'Negro', 3),
(29, 'CCC567', 2023, 'Model CC', 4, 7, 'Sí', 'V6', 'Azul', 4),
(30, 'DDD890', 2021, 'Model DD', 4, 5, 'No', 'V4', 'Plata', 5),
(31, 'EEE123', 2020, 'Model EE', 4, 5, 'Sí', 'V8', 'Gris', 1),
(32, 'FFF456', 2021, 'Model FF', 2, 2, 'No', 'V6', 'Verde', 2),
(33, 'GGG789', 2022, 'Model GG', 4, 5, 'Sí', 'V4', 'Negro', 3),
(34, 'HHH012', 2022, 'Model HH', 4, 7, 'No', 'V6', 'Rojo', 4),
(35, 'III345', 2023, 'Model II', 4, 5, 'Sí', 'V8', 'Blanco', 5),
(36, 'JJJ678', 2021, 'Model JJ', 4, 5, 'No', 'V6', 'Azul', 1),
(37, 'KKK901', 2021, 'Model KK', 4, 5, 'Sí', 'V4', 'Negro', 2),
(38, 'LLL234', 2022, 'Model LL', 4, 5, 'Sí', 'V8', 'Verde', 3),
(39, 'MMM567', 2020, 'Model MM', 2, 4, 'No', 'V6', 'Gris', 4),
(40, 'NNN890', 2020, 'Model NN', 4, 5, 'Sí', 'V4', 'Rojo', 5),
(41, 'OOO123', 2023, 'Model OO', 4, 5, 'No', 'V6', 'Negro', 1),
(42, 'PPP456', 2022, 'Model PP', 4, 5, 'Sí', 'V8', 'Blanco', 2),
(43, 'QQQ789', 2021, 'Model QQ', 4, 7, 'No', 'V6', 'Gris', 3),
(44, 'RRR012', 2022, 'Model RR', 4, 5, 'Sí', 'V4', 'Azul', 4),
(45, 'SSS345', 2023, 'Model SS', 4, 5, 'No', 'V8', 'Rojo', 5),
(46, 'TTT678', 2021, 'Model TT', 2, 4, 'Sí', 'V6', 'Verde', 1),
(47, 'UUU901', 2022, 'Model UU', 4, 5, 'Sí', 'V4', 'Plata', 2),
(48, 'VVV234', 2020, 'Model VV', 4, 7, 'No', 'V6', 'Negro', 3),
(49, 'WWW567', 2022, 'Model WW', 4, 5, 'Sí', 'V8', 'Gris', 4),
(50, 'XXX890', 2021, 'Model XX', 4, 5, 'No', 'V4', 'Blanco', 5),
(51, 'YYY123', 2020, 'Model YY', 4, 5, 'Sí', 'V6', 'Azul', 1),
(52, 'ZZZ456', 2023, 'Model ZZ', 2, 4, 'Sí', 'V4', 'Rojo', 2),
(53, 'AAB789', 2022, 'Model AAA', 4, 7, 'No', 'V8', 'Verde', 3),
(54, 'BBC012', 2021, 'Model BBB', 4, 5, 'No', 'V6', 'Gris', 4),
(55, 'CCD345', 2023, 'Model CCC', 4, 5, 'Sí', 'V8', 'Negro', 5),
(56, 'DDE678', 2022, 'Model DDD', 4, 5, 'No', 'V4', 'Plata', 1),
(57, 'EEF901', 2021, 'Model EEE', 4, 5, 'Sí', 'V6', 'Blanco', 2),
(58, 'FFG234', 2020, 'Model FFF', 4, 7, 'No', 'V8', 'Rojo', 3),
(59, 'GGH567', 2023, 'Model GGG', 2, 4, 'Sí', 'V4', 'Azul', 4),
(60, 'HHI890', 2022, 'Model HHH', 4, 5, 'No', 'V6', 'Negro', 5),
(61, 'III123', 2021, 'Model III', 4, 5, 'Sí', 'V8', 'Gris', 1),
(62, 'JJJ456', 2022, 'Model JJJ', 2, 4, 'No', 'V6', 'Rojo', 2),
(63, 'KKK789', 2023, 'Model KKK', 4, 5, 'Sí', 'V4', 'Azul', 3),
(64, 'LLL012', 2020, 'Model LLL', 4, 7, 'No', 'V8', 'Blanco', 4),
(65, 'MMM345', 2021, 'Model MMM', 4, 5, 'Sí', 'V6', 'Negro', 5),
(66, 'NNN678', 2022, 'Model NNN', 4, 5, 'No', 'V4', 'Verde', 1),
(67, 'OOO901', 2020, 'Model OOO', 2, 4, 'Sí', 'V8', 'Plata', 2),
(68, 'PPP234', 2023, 'Model PPP', 4, 5, 'No', 'V6', 'Gris', 3),
(69, 'QQQ567', 2022, 'Model QQQ', 4, 7, 'Sí', 'V4', 'Rojo', 4),
(70, 'RRR890', 2021, 'Model RRR', 4, 5, 'No', 'V8', 'Negro', 5),
(71, 'SSS123', 2022, 'Model SSS', 4, 5, 'Sí', 'V6', 'Azul', 1),
(72, 'TTT456', 2020, 'Model TTT', 4, 7, 'No', 'V4', 'Blanco', 2),
(73, 'UUU789', 2023, 'Model UUU', 2, 4, 'Sí', 'V8', 'Verde', 3),
(74, 'VVV012', 2021, 'Model VVV', 4, 5, 'No', 'V6', 'Plata', 4),
(75, 'WWW345', 2022, 'Model WWW', 4, 5, 'Sí', 'V4', 'Rojo', 5),
(76, 'XXX678', 2020, 'Model XXX', 4, 7, 'No', 'V8', 'Negro', 1),
(77, 'YYY901', 2021, 'Model YYY', 4, 5, 'Sí', 'V6', 'Gris', 2),
(78, 'ZZZ234', 2022, 'Model ZZZ', 2, 4, 'No', 'V4', 'Azul', 3),
(79, 'AAA567', 2023, 'Model AAAA', 4, 5, 'Sí', 'V8', 'Blanco', 4),
(80, 'BBB890', 2021, 'Model BBBB', 4, 5, 'No', 'V6', 'Rojo', 5),
(81, 'CCC123', 2020, 'Model CCCC', 4, 7, 'Sí', 'V4', 'Negro', 1),
(82, 'DDD456', 2022, 'Model DDDD', 4, 5, 'No', 'V8', 'Gris', 2),
(83, 'EEE789', 2023, 'Model EEEE', 2, 4, 'Sí', 'V6', 'Verde', 3),
(84, 'FFF012', 2021, 'Model FFFF', 4, 5, 'Sí', 'V4', 'Azul', 4),
(85, 'GGG345', 2022, 'Model GGGG', 4, 7, 'No', 'V8', 'Blanco', 5),
(86, 'HHH678', 2020, 'Model HHHH', 4, 5, 'Sí', 'V6', 'Rojo', 1),
(87, 'III901', 2021, 'Model IIII', 4, 5, 'No', 'V4', 'Negro', 2),
(88, 'JJJ234', 2022, 'Model JJJJ', 4, 7, 'Sí', 'V8', 'Gris', 3),
(89, 'KKK567', 2023, 'Model KKKK', 2, 4, 'No', 'V6', 'Azul', 4),
(90, 'LLL890', 2021, 'Model LLLL', 4, 5, 'Sí', 'V4', 'Verde', 5),
(91, 'MMM123', 2020, 'Model MMMM', 4, 5, 'No', 'V8', 'Plata', 1),
(92, 'NNN456', 2022, 'Model NNNN', 4, 7, 'Sí', 'V6', 'Rojo', 2),
(93, 'OOO789', 2023, 'Model OOOO', 4, 5, 'No', 'V4', 'Negro', 3),
(94, 'PPP012', 2021, 'Model PPPP', 2, 4, 'Sí', 'V8', 'Blanco', 4),
(95, 'QQQ345', 2022, 'Model QQQQ', 4, 5, 'Sí', 'V6', 'Azul', 5),
(96, 'RRR678', 2020, 'Model RRRR', 4, 7, 'No', 'V4', 'Gris', 1),
(97, 'SSS901', 2021, 'Model SSSS', 4, 5, 'Sí', 'V8', 'Rojo', 2),
(98, 'TTT234', 2023, 'Model TTTT', 4, 5, 'No', 'V6', 'Negro', 3),
(99, 'UUU567', 2022, 'Model UUUU', 2, 4, 'Sí', 'V4', 'Blanco', 4),
(100, 'VVV890', 2021, 'Model VVVV', 4, 5, 'Sí', 'V8', 'Azul', 5);

INSERT INTO Alquileres (id_alquiler, fecha_salida, fecha_llegada, fecha_esperada, valor_cotizado, valor_pagado, id_vehiculo, id_cliente, id_empleado, id_sucursal)
VALUES
(1, '2024-11-01', '2024-11-05', '2024-11-05', 100000, 100000, 1, 1, 1, 1),
(2, '2024-11-02', '2024-11-06', '2024-11-06', 150000, 150000, 2, 2, 2, 2),
(3, '2024-11-03', '2024-11-07', '2024-11-07', 200000, 200000, 3, 3, 3, 3),
(4, '2024-11-04', '2024-11-08', '2024-11-08', 120000, 120000, 4, 4, 4, 4),
(5, '2024-11-05', '2024-11-09', '2024-11-09', 180000, 180000, 5, 5, 5, 5),
(6, '2024-01-05', '2024-01-12', '2024-01-10', 700000, 750000, 6, 6, 3, 2),
(7, '2024-01-07', '2024-01-14', '2024-01-13', 650000, 650000, 7, 7, 1, 1),
(8, '2024-01-08', NULL, '2024-01-15', 850000, NULL, 8, 8, 5, 3),
(9, '2024-01-10', '2024-01-18', '2024-01-17', 950000, 980000, 9, 9, 2, 4),
(10, '2024-01-11', '2024-01-17', '2024-01-16', 600000, 650000, 10, 10, 4, 2),
(11, '2024-01-13', '2024-01-19', '2024-01-19', 800000, 800000, 11, 11, 1, 5),
(12, '2024-01-14', '2024-01-20', '2024-01-19', 750000, 780000, 12, 12, 3, 4),
(13, '2024-01-15', '2024-01-22', '2024-01-20', 880000, 900000, 13, 13, 5, 1),
(14, '2024-01-16', '2024-01-24', '2024-01-22', 920000, 980000, 14, 14, 2, 3),
(15, '2024-01-17', '2024-01-25', '2024-01-24', 990000, 1000000, 15, 15, 4, 5),
(16, '2024-01-18', '2024-01-26', '2024-01-25', 770000, 800000, 16, 16, 3, 2),
(17, '2024-01-19', '2024-01-27', '2024-01-26', 860000, 870000, 17, 17, 1, 4),
(18, '2024-01-20', '2024-01-28', '2024-01-27', 730000, 750000, 18, 18, 5, 2),
(19, '2024-01-21', '2024-01-30', '2024-01-28', 820000, 820000, 19, 19, 2, 3),
(20, '2024-01-22', NULL, '2024-01-31', 670000, NULL, 20, 20, 4, 1),
(21, '2024-01-23', '2024-02-01', '2024-01-30', 720000, 750000, 21, 21, 3, 5),
(22, '2024-01-24', '2024-02-02', '2024-01-31', 940000, 970000, 22, 22, 1, 4),
(23, '2024-01-25', '2024-02-03', '2024-02-01', 980000, 1020000, 23, 23, 5, 2),
(24, '2024-01-26', '2024-02-04', '2024-02-02', 760000, 760000, 24, 24, 2, 1),
(25, '2024-01-27', '2024-02-05', '2024-02-03', 800000, 850000, 25, 25, 4, 3),
(26, '2024-01-28', '2024-02-06', '2024-02-04', 870000, 890000, 26, 26, 3, 5),
(27, '2024-01-29', '2024-02-07', '2024-02-05', 910000, 920000, 27, 27, 1, 4),
(28, '2024-01-30', '2024-02-08', '2024-02-06', 930000, 940000, 28, 28, 5, 2),
(29, '2024-01-31', NULL, '2024-02-09', 880000, NULL, 29, 29, 2, 3),
(30, '2024-02-01', '2024-02-10', '2024-02-07', 640000, 680000, 30, 30, 4, 1),
(31, '2024-02-02', '2024-02-12', '2024-02-10', 710000, 720000, 31, 31, 3, 2),
(32, '2024-02-03', '2024-02-11', '2024-02-09', 690000, 700000, 32, 32, 4, 4),
(33, '2024-02-04', '2024-02-13', '2024-02-11', 780000, 800000, 33, 33, 1, 3),
(34, '2024-02-05', '2024-02-14', '2024-02-12', 620000, 630000, 34, 34, 2, 5),
(35, '2024-02-06', '2024-02-15', '2024-02-13', 850000, 860000, 35, 35, 5, 1),
(36, '2024-02-07', '2024-02-16', '2024-02-14', 800000, 820000, 36, 36, 3, 4),
(37, '2024-02-08', '2024-02-17', '2024-02-15', 870000, 880000, 37, 37, 1, 2),
(38, '2024-02-09', '2024-02-18', '2024-02-16', 660000, 670000, 38, 38, 4, 5),
(39, '2024-02-10', '2024-02-19', '2024-02-17', 750000, 760000, 39, 39, 5, 3),
(40, '2024-02-11', '2024-02-20', '2024-02-18', 800000, 820000, 40, 40, 2, 1),
(41, '2024-02-12', '2024-02-21', '2024-02-19', 920000, 930000, 41, 41, 3, 4),
(42, '2024-02-13', '2024-02-22', '2024-02-20', 880000, 890000, 42, 42, 1, 2),
(43, '2024-02-14', '2024-02-23', '2024-02-21', 790000, 800000, 43, 43, 4, 5),
(44, '2024-02-15', '2024-02-24', '2024-02-22', 850000, 870000, 44, 44, 5, 1),
(45, '2024-02-16', '2024-02-25', '2024-02-23', 700000, 710000, 45, 45, 2, 3),
(46, '2024-02-17', '2024-02-26', '2024-02-24', 640000, 650000, 46, 46, 3, 4),
(47, '2024-02-18', '2024-02-27', '2024-02-25', 950000, 960000, 47, 47, 1, 2),
(48, '2024-02-19', '2024-02-28', '2024-02-26', 860000, 880000, 48, 48, 4, 5),
(49, '2024-02-20', '2024-02-29', '2024-02-27', 810000, 820000, 49, 49, 5, 1),
(50, '2024-02-21', NULL, '2024-02-28', 750000, NULL, 50, 50, 2, 4),
(51, '2024-02-22', '2024-03-01', '2024-02-28', 680000, 690000, 51, 51, 3, 3),
(52, '2024-02-23', '2024-03-02', '2024-02-29', 900000, 920000, 52, 52, 1, 5),
(53, '2024-02-24', '2024-03-03', '2024-03-01', 730000, 740000, 53, 53, 4, 2),
(54, '2024-02-25', '2024-03-04', '2024-03-02', 820000, 840000, 54, 54, 5, 1),
(55, '2024-02-26', '2024-03-05', '2024-03-03', 760000, 770000, 55, 55, 2, 3),
(56, '2024-02-27', '2024-03-06', '2024-03-04', 640000, 660000, 56, 56, 3, 4),
(57, '2024-02-28', '2024-03-07', '2024-03-05', 810000, 830000, 57, 57, 1, 2),
(58, '2024-03-01', '2024-03-08', '2024-03-06', 870000, 880000, 58, 58, 4, 5),
(59, '2024-03-02', '2024-03-09', '2024-03-07', 650000, 670000, 59, 59, 5, 1),
(60, '2024-03-03', '2024-03-10', '2024-03-08', 920000, 940000, 60, 60, 2, 3),
(61, '2024-03-04', '2024-03-11', '2024-03-09', 780000, 800000, 61, 61, 3, 4),
(62, '2024-03-05', '2024-03-12', '2024-03-10', 880000, 900000, 62, 62, 1, 2),
(63, '2024-03-06', '2024-03-13', '2024-03-11', 810000, 830000, 63, 63, 4, 5),
(64, '2024-03-07', '2024-03-14', '2024-03-12', 960000, 980000, 64, 64, 5, 1),
(65, '2024-03-08', '2024-03-15', '2024-03-13', 770000, 780000, 65, 65, 2, 4),
(66, '2024-03-09', '2024-03-16', '2024-03-14', 690000, 700000, 66, 66, 3, 3),
(67, '2024-03-10', '2024-03-17', '2024-03-15', 880000, 900000, 67, 67, 1, 5),
(68, '2024-03-11', '2024-03-18', '2024-03-16', 730000, 750000, 68, 68, 4, 2),
(69, '2024-03-12', '2024-03-19', '2024-03-17', 640000, 660000, 69, 69, 5, 1),
(70, '2024-03-13', '2024-03-20', '2024-03-18', 820000, 830000, 70, 70, 2, 3),
(71, '2024-03-14', '2024-03-21', '2024-03-19', 830000, 850000, 71, 71, 2, 5),
(72, '2024-03-15', '2024-03-22', '2024-03-20', 950000, 970000, 72, 72, 1, 5),
(73, '2024-03-16', '2024-03-23', '2024-03-21', 670000, 680000, 73, 73, 4, 2),
(74, '2024-03-17', '2024-03-24', '2024-03-22', 850000, 870000, 74, 74, 5, 1),
(75, '2024-03-18', '2024-03-25', '2024-03-23', 780000, 790000, 75, 75, 2, 4),
(76, '2024-03-19', '2024-03-26', '2024-03-24', 700000, 720000, 76, 76, 3, 5),
(77, '2024-03-20', '2024-03-27', '2024-03-25', 750000, 770000, 77, 77, 1, 3),
(78, '2024-03-21', '2024-03-28', '2024-03-26', 830000, 850000, 78, 78, 4, 2),
(79, '2024-03-22', '2024-03-29', '2024-03-27', 950000, 960000, 79, 79, 5, 1),
(80, '2024-03-23', '2024-03-30', '2024-03-28', 700000, 710000, 80, 80, 2, 4),
(81, '2024-03-24', '2024-03-31', '2024-03-29', 780000, 800000, 81, 81, 3, 5),
(82, '2024-03-25', '2024-04-01', '2024-03-30', 710000, 720000, 82, 82, 1, 3),
(83, '2024-03-26', '2024-04-02', '2024-03-31', 660000, 680000, 83, 83, 4, 5),
(84, '2024-03-27', '2024-04-03', '2024-04-01', 800000, 820000, 84, 84, 5, 1),
(85, '2024-03-28', '2024-04-04', '2024-04-02', 880000, 900000, 85, 85, 2, 4),
(86, '2024-03-29', '2024-04-05', '2024-04-03', 740000, 750000, 86, 86, 3, 5),
(87, '2024-03-30', '2024-04-06', '2024-04-04', 920000, 940000, 87, 87, 1, 2),
(88, '2024-03-31', '2024-04-07', '2024-04-05', 770000, 790000, 88, 88, 4, 3),
(89, '2024-04-01', '2024-04-08', '2024-04-06', 820000, 830000, 89, 89, 5, 1),
(90, '2024-04-02', '2024-04-09', '2024-04-07', 670000, 690000, 90, 90, 2, 4),
(91, '2024-04-03', '2024-04-10', '2024-04-08', 750000, 760000, 91, 91, 3, 5),
(92, '2024-04-04', '2024-04-11', '2024-04-09', 940000, 960000, 92, 92, 1, 2),
(93, '2024-04-05', '2024-04-12', '2024-04-10', 880000, 890000, 93, 93, 4, 3),
(94, '2024-04-06', '2024-04-13', '2024-04-11', 800000, 820000, 94, 94, 5, 1),
(95, '2024-04-07', '2024-04-14', '2024-04-12', 740000, 750000, 95, 95, 2, 4),
(96, '2024-04-08', '2024-04-15', '2024-04-13', 820000, 840000, 96, 96, 3, 5),
(97, '2024-04-09', '2024-04-16', '2024-04-14', 950000, 970000, 97, 97, 1, 2),
(98, '2024-04-10', '2024-04-17', '2024-04-15', 860000, 880000, 98, 98, 4, 3),
(99, '2024-04-11', '2024-04-18', '2024-04-16', 790000, 810000, 99, 99, 5, 1),
(100, '2024-04-12', '2024-04-19', '2024-04-17', 900000, 920000, 100, 100, 2, 4);

INSERT INTO Descuentos (id_descuento, fecha_inicio, fecha_fin, porcentaje_descuento, id_tipoV)
VALUES
(1, '2024-11-01', '2024-11-15', 10, 1),
(2, '2024-11-01', '2024-11-15', 15, 2),
(3, '2024-11-01', '2024-11-15', 5, 3),
(4, '2024-11-01', '2024-11-15', 12, 4),
(5, '2024-11-01', '2024-11-15', 20, 5),
(6, '2024-11-16', '2024-11-30', 8, 1),
(7, '2024-11-16', '2024-11-30', 18, 2),
(8, '2024-11-16', '2024-11-30', 7, 3),
(9, '2024-11-16', '2024-11-30', 15, 4),
(10, '2024-11-16', '2024-11-30', 25, 5),
(11, '2024-12-01', '2024-12-15', 12, 1),
(12, '2024-12-01', '2024-12-15', 20, 2),
(13, '2024-12-01', '2024-12-15', 10, 3),
(14, '2024-12-01', '2024-12-15', 22, 4),
(15, '2024-12-01', '2024-12-15', 5, 5),
(16, '2024-12-16', '2024-12-31', 14, 1),
(17, '2024-12-16', '2024-12-31', 16, 2),
(18, '2024-12-16', '2024-12-31', 12, 3),
(19, '2024-12-16', '2024-12-31', 19, 4),
(20, '2024-12-16', '2024-12-31', 17, 5),
(21, '2025-01-01', '2025-01-15', 9, 1),
(22, '2025-01-01', '2025-01-15', 13, 2),
(23, '2025-01-01', '2025-01-15', 7, 3),
(24, '2025-01-01', '2025-01-15', 18, 4),
(25, '2025-01-01', '2025-01-15', 20, 5),
(26, '2025-01-16', '2025-01-31', 15, 1),
(27, '2025-01-16', '2025-01-31', 5, 2),
(28, '2025-01-16', '2025-01-31', 22, 3),
(29, '2025-01-16', '2025-01-31', 11, 4),
(30, '2025-01-16', '2025-01-31', 14, 5),
(31, '2025-02-01', '2025-02-14', 6, 1),
(32, '2025-02-01', '2025-02-14', 12, 2),
(33, '2025-02-01', '2025-02-14', 8, 3),
(34, '2025-02-01', '2025-02-14', 25, 4),
(35, '2025-02-01', '2025-02-14', 17, 5),
(36, '2025-02-15', '2025-02-28', 10, 1),
(37, '2025-02-15', '2025-02-28', 19, 2),
(38, '2025-02-15', '2025-02-28', 7, 3),
(39, '2025-02-15', '2025-02-28', 15, 4),
(40, '2025-02-15', '2025-02-28', 5, 5),
(41, '2025-03-01', '2025-03-15', 13, 1),
(42, '2025-03-01', '2025-03-15', 11, 2),
(43, '2025-03-01', '2025-03-15', 18, 3),
(44, '2025-03-01', '2025-03-15', 20, 4),
(45, '2025-03-01', '2025-03-15', 9, 5),
(46, '2025-03-16', '2025-03-31', 14, 1),
(47, '2025-03-16', '2025-03-31', 16, 2),
(48, '2025-03-16', '2025-03-31', 7, 3),
(49, '2025-03-16', '2025-03-31', 10, 4),
(50, '2025-03-16', '2025-03-31', 25, 5),
(51, '2025-04-01', '2025-04-15', 8, 1),
(52, '2025-04-01', '2025-04-15', 12, 2),
(53, '2025-04-01', '2025-04-15', 6, 3),
(54, '2025-04-01', '2025-04-15', 19, 4),
(55, '2025-04-01', '2025-04-15', 13, 5),
(56, '2025-04-16', '2025-04-30', 15, 1),
(57, '2025-04-16', '2025-04-30', 11, 2),
(58, '2025-04-16', '2025-04-30', 10, 3),
(59, '2025-04-16', '2025-04-30', 5, 4),
(60, '2025-04-16', '2025-04-30', 22, 5),
(61, '2025-05-01', '2025-05-15', 14, 1),
(62, '2025-05-01', '2025-05-15', 18, 2),
(63, '2025-05-01', '2025-05-15', 9, 3),
(64, '2025-05-01', '2025-05-15', 20, 4),
(65, '2025-05-01', '2025-05-15', 8, 5),
(66, '2025-05-16', '2025-05-31', 16, 1),
(67, '2025-05-16', '2025-05-31', 6, 2),
(68, '2025-05-16', '2025-05-31', 12, 3),
(69, '2025-05-16', '2025-05-31', 25, 4),
(70, '2025-05-16', '2025-05-31', 10, 5),
(71, '2025-06-01', '2025-06-15', 13, 1),
(72, '2025-06-01', '2025-06-15', 22, 2),
(73, '2025-06-01', '2025-06-15', 15, 3),
(74, '2025-06-01', '2025-06-15', 11, 4),
(75, '2025-06-01', '2025-06-15', 19, 5),
(76, '2025-06-16', '2025-06-30', 7, 1),
(77, '2025-06-16', '2025-06-30', 9, 2),
(78, '2025-06-16', '2025-06-30', 14, 3),
(79, '2025-06-16', '2025-06-30', 5, 4),
(80, '2025-06-16', '2025-06-30', 17, 5),
(81, '2025-07-01', '2025-07-15', 20, 1),
(82, '2025-07-01', '2025-07-15', 8, 2),
(83, '2025-07-01', '2025-07-15', 12, 3),
(84, '2025-07-01', '2025-07-15', 6, 4),
(85, '2025-07-01', '2025-07-15', 22, 5),
(86, '2025-07-16', '2025-07-31', 9, 1),
(87, '2025-07-16', '2025-07-31', 18, 2),
(88, '2025-07-16', '2025-07-31', 5, 3),
(89, '2025-07-16', '2025-07-31', 25, 4),
(90, '2025-07-16', '2025-07-31', 14, 5),
(91, '2025-08-01', '2025-08-15', 7, 1),
(92, '2025-08-01', '2025-08-15', 15, 2),
(93, '2025-08-01', '2025-08-15', 12, 3),
(94, '2025-08-01', '2025-08-15', 17, 4),
(95, '2025-08-01', '2025-08-15', 8, 5),
(96, '2025-08-16', '2025-08-31', 10, 1),
(97, '2025-08-16', '2025-08-31', 22, 2),
(98, '2025-08-16', '2025-08-31', 6, 3),
(99, '2025-08-16', '2025-08-31', 19, 4),
(100, '2025-08-16', '2025-08-31', 13, 5); 
